"日期","AQI","质量等级","PM2.5","PM10","SO2","CO","NO2","O3_8h","排名"
"2015-04-01",47,"优",33,44,6,0.9,31,40,69
"2015-04-02",36,"优",25,35,8,0.7,27,43,36
"2015-04-03",76,"良",56,63,10,1.2,47,53,241
"2015-04-04",80,"良",59,85,12,1.2,47,53,240
"2015-04-05",83,"良",61,103,18,1.4,53,57,243
"2015-04-06",84,"良",62,106,19,1.3,50,64,289
"2015-04-07",93,"良",69,113,16,1.4,53,67,334
"2015-04-08",87,"良",53,123,18,1.3,55,67,302
"2015-04-09",92,"良",54,134,16,1.1,44,76,307
"2015-04-10",88,"良",51,126,14,1.1,45,72,266
"2015-04-11",99,"良",52,148,12,1.1,47,72,299
"2015-04-12",112,"轻度污染",44,175,10,0.8,37,69,348
"2015-04-13",121,"轻度污染",55,192,10,0.8,40,69,355
"2015-04-14",139,"轻度污染",51,228,14,0.8,31,64,355
"2015-04-15",87,"良",34,124,15,0.8,38,45,157
"2015-04-16",73,"良",36,96,14,1,38,48,73
"2015-04-17",35,"优",14,35,5,0.7,21,62,2
"2015-04-18",69,"良",35,89,9,1,47,65,121
"2015-04-19",59,"良",27,69,11,0.8,34,71,168
"2015-04-20",90,"良",37,130,16,1,56,71,324
"2015-04-21",94,"良",41,138,11,1,50,81,310
"2015-04-22",70,"良",27,89,9,0.8,35,79,171
"2015-04-23",67,"良",27,85,11,0.7,39,84,118
"2015-04-24",101,"轻度污染",40,153,10,0.8,53,82,290
"2015-04-25",117,"轻度污染",45,185,11,0.8,47,86,290
"2015-04-26",133,"轻度污染",50,217,11,0.9,49,77,327
"2015-04-27",253,"重度污染",186,387,9,0.8,37,50,364
"2015-04-28",80,"良",29,110,8,0.6,38,61,195
"2015-04-29",73,"良",32,96,8,0.7,42,71,155
"2015-04-30",87,"良",30,124,10,0.6,39,61,185
"2015-05-01",81,"良",36,111,12,0.8,47,72,220
"2015-05-02",93,"良",36,137,11,0.8,49,72,334
"2015-05-03",98,"良",33,146,11,0.8,51,75,300
"2015-05-04",104,"轻度污染",36,159,20,1,52,61,332
"2015-05-05",80,"良",29,110,9,0.7,42,65,190
"2015-05-06",70,"良",26,90,7,0.7,44,76,137
"2015-05-07",86,"良",36,122,7,0.7,48,62,202
"2015-05-08",79,"良",35,109,8,0.8,45,80,268
"2015-05-09",79,"良",38,109,11,0.8,44,92,270
"2015-05-10",143,"轻度污染",69,237,12,0.8,42,92,352
"2015-05-11",117,"轻度污染",57,185,22,0.9,44,102,361
"2015-05-12",82,"良",39,113,11,0.8,48,83,293
"2015-05-13",79,"良",29,108,8,0.7,36,80,196
"2015-05-14",159,"中度污染",73,268,10,1,50,78,360
"2015-05-15",84,"良",38,119,9,0.7,40,89,281
"2015-05-16",97,"良",49,144,9,0.7,28,82,294
"2015-05-17",119,"轻度污染",49,187,14,1,45,80,323
"2015-05-18",35,"优",14,27,7,0.8,24,69,26
"2015-05-19",40,"优",16,40,7,0.8,40,72,54
"2015-05-20",64,"良",27,78,9,0.9,46,93,157
"2015-05-21",74,"良",32,98,12,0.8,42,99,210
"2015-05-22",123,"轻度污染",51,195,11,0.8,42,81,339
"2015-05-23",66,"良",34,81,6,0.7,29,67,143
"2015-05-24",68,"良",47,86,11,1,44,66,142
"2015-05-25",55,"良",30,60,7,0.7,36,78,79
"2015-05-26",57,"良",25,63,6,0.6,29,86,95
"2015-05-27",80,"良",40,110,7,0.6,21,78,190
"2015-05-28",68,"良",38,85,10,0.7,39,90,175
"2015-05-29",86,"良",37,122,10,0.8,38,93,286
"2015-05-30",96,"良",51,142,7,0.6,30,83,314
"2015-05-31",159,"中度污染",113,267,6,0.7,25,67,351
"2015-06-01",53,"良",16,55,6,0.7,26,59,99
"2015-06-02",51,"良",21,53,6,0.9,36,63,121
"2015-06-03",54,"良",18,59,7,0.7,34,79,176
"2015-06-04",77,"良",32,103,13,0.9,49,90,271
"2015-06-05",89,"良",29,127,13,0.7,48,91,267
"2015-06-06",60,"良",18,71,5,0.5,29,96,133
"2015-06-07",69,"良",25,88,7,0.6,40,92,217
"2015-06-08",57,"良",23,64,8,0.6,32,101,186
"2015-06-09",98,"良",47,145,9,0.7,39,87,280
"2015-06-10",55,"良",24,59,4,0.4,21,83,130
"2015-06-11",75,"良",32,100,17,0.9,42,93,229
"2015-06-12",87,"良",36,123,12,1,50,95,276
"2015-06-13",94,"良",45,139,9,0.8,44,107,289
"2015-06-14",110,"轻度污染",59,169,11,0.9,51,119,311
"2015-06-15",91,"良",39,132,7,0.7,35,91,255
"2015-06-16",41,"优",16,37,5,0.7,24,81,66
"2015-06-17",66,"良",36,82,8,0.9,44,77,196
"2015-06-18",69,"良",31,89,9,0.7,37,97,222
"2015-06-19",61,"良",24,71,5,0.6,35,103,153
"2015-06-20",65,"良",26,81,6,0.5,36,114,184
"2015-06-21",94,"良",42,138,15,0.9,50,125,275
"2015-06-22",80,"良",31,110,10,0.7,42,109,245
"2015-06-23",76,"良",28,101,7,0.6,40,100,233
"2015-06-24",83,"良",36,116,11,0.8,43,118,302
"2015-06-25",77,"良",31,93,9,0.6,37,132,299
"2015-06-26",90,"良",38,129,12,0.7,50,103,296
"2015-06-27",67,"良",26,85,7,0.7,39,80,250
"2015-06-28",46,"优",19,38,2,0.6,18,91,133
"2015-06-29",54,"良",19,58,4,0.6,29,105,187
"2015-06-30",70,"良",17,84,6,0.6,37,124,303
"2015-07-01",75,"良",19,99,7,0.7,42,130,271
"2015-07-02",75,"良",18,80,9,0.7,32,130,257
"2015-07-03",61,"良",14,67,10,0.6,31,113,198
"2015-07-04",85,"良",21,105,9,0.4,21,142,281
"2015-07-05",93,"良",23,137,13,0.7,26,127,297
"2015-07-06",50,"优",14,50,12,0.6,18,90,92
"2015-07-07",68,"良",22,87,11,0.8,35,105,198
"2015-07-08",90,"良",27,130,10,0.8,45,110,261
"2015-07-09",118,"轻度污染",39,186,13,1,54,122,326
"2015-07-10",89,"良",35,128,8,0.9,40,126,278
"2015-07-11",75,"良",21,100,5,0.6,27,106,237
"2015-07-12",84,"良",27,118,7,0.7,36,92,250
"2015-07-13",79,"良",26,108,15,0.9,42,110,185
"2015-07-14",79,"良",24,107,8,0.9,44,121,193
"2015-07-15",85,"良",28,119,10,0.8,46,108,254
"2015-07-16",81,"良",35,112,11,0.8,45,133,269
"2015-07-17",94,"良",43,137,10,0.8,44,131,313
"2015-07-18",87,"良",39,124,8,0.8,44,138,292
"2015-07-19",84,"良",37,119,8,0.8,43,129,283
"2015-07-20",87,"良",36,124,9,0.8,46,141,285
"2015-07-21",102,"轻度污染",40,154,12,0.8,44,142,333
"2015-07-22",115,"轻度污染",43,180,10,0.5,33,135,345
"2015-07-23",119,"轻度污染",60,188,6,0.6,30,118,351
"2015-07-24",91,"良",48,131,7,0.8,39,130,297
"2015-07-25",86,"良",50,122,5,0.6,32,106,265
"2015-07-26",74,"良",25,65,4,0.6,29,128,201
"2015-07-27",106,"轻度污染",35,103,8,0.8,44,166,310
"2015-07-28",106,"轻度污染",47,158,12,0.9,50,166,331
"2015-07-29",115,"轻度污染",78,179,4,0.8,32,98,338
"2015-07-30",65,"良",29,63,7,0.9,45,118,225
"2015-07-31",63,"良",24,75,7,0.6,36,110,229
"2015-08-01",68,"良",27,86,8,0.7,43,103,216
"2015-08-02",75,"良",19,62,5,0.6,36,129,263
"2015-08-03",78,"良",30,83,9,0.6,41,133,291
"2015-08-04",91,"良",34,101,9,0.7,52,149,313
"2015-08-05",84,"良",38,118,11,0.8,57,135,276
"2015-08-06",78,"良",34,105,9,0.7,48,132,265
"2015-08-07",89,"良",33,106,10,0.6,47,146,312
"2015-08-08",93,"良",30,136,6,0.6,39,117,324
"2015-08-09",86,"良",47,122,3,0.8,29,97,318
"2015-08-10",75,"良",34,61,7,0.9,42,130,310
"2015-08-11",45,"优",12,31,4,0.6,30,90,118
"2015-08-12",71,"良",15,46,5,0.6,34,125,222
"2015-08-13",75,"良",23,68,6,0.5,41,130,211
"2015-08-14",130,"轻度污染",41,210,11,0.5,30,103,326
"2015-08-15",39,"优",9,29,12,0.5,24,77,51
"2015-08-16",53,"良",20,55,16,0.6,36,87,126
"2015-08-17",66,"良",31,81,17,0.9,44,104,171
"2015-08-18",73,"良",33,96,13,0.9,54,115,210
"2015-08-19",77,"良",35,104,15,0.8,56,130,295
"2015-08-20",81,"良",35,111,14,0.7,55,131,309
"2015-08-21",86,"良",32,122,10,0.6,50,136,271
"2015-08-22",94,"良",35,131,13,0.6,48,152,288
"2015-08-23",107,"轻度污染",33,164,7,0.5,26,102,332
"2015-08-24",45,"优",15,40,7,0.5,28,90,78
"2015-08-25",60,"良",23,69,14,0.7,44,100,142
"2015-08-26",124,"轻度污染",48,198,12,0.7,46,108,338
"2015-08-27",120,"轻度污染",47,189,10,0.5,33,81,325
"2015-08-28",77,"良",27,103,11,0.6,33,82,220
"2015-08-29",40,"优",22,40,4,0.5,27,75,69
"2015-08-30",48,"优",17,43,6,0.6,36,96,97
"2015-08-31",58,"良",17,61,9,0.6,46,80,162
"2015-09-01",62,"良",24,73,13,0.7,47,76,199
"2015-09-02",60,"良",21,70,10,0.6,42,99,194
"2015-09-03",56,"良",25,62,8,0.5,39,101,171
"2015-09-04",60,"良",20,70,8,0.5,32,89,214
"2015-09-05",94,"良",31,138,13,0.7,43,94,350
"2015-09-06",54,"良",17,57,8,0.4,26,87,170
"2015-09-07",64,"良",26,72,13,0.6,51,65,205
"2015-09-08",66,"良",24,81,11,0.6,43,87,184
"2015-09-09",73,"良",26,96,9,0.6,41,88,227
"2015-09-10",72,"良",27,93,11,0.7,45,99,230
"2015-09-11",85,"良",21,119,5,0.5,29,104,295
"2015-09-12",82,"良",19,114,4,0.4,18,108,339
"2015-09-13",88,"良",48,126,9,0.5,20,123,322
"2015-09-14",60,"良",35,69,5,0.6,23,97,119
"2015-09-15",47,"优",17,47,10,0.7,31,64,56
"2015-09-16",58,"良",23,66,14,0.9,39,73,103
"2015-09-17",67,"良",29,84,10,0.7,45,76,147
"2015-09-18",98,"良",38,145,21,1,60,87,283
"2015-09-19",95,"良",50,140,24,1.1,60,82,290
"2015-09-20",56,"良",21,61,6,0.8,39,59,146
"2015-09-21",59,"良",21,68,8,0.7,33,78,145
"2015-09-22",59,"良",18,67,8,0.7,30,78,180
"2015-09-23",46,"优",16,46,9,0.6,31,61,100
"2015-09-24",66,"良",28,81,9,0.9,47,64,241
"2015-09-25",52,"良",17,53,9,0.6,34,58,148
"2015-09-26",44,"优",16,44,9,0.6,26,61,85
"2015-09-27",59,"良",21,67,10,0.8,29,64,154
"2015-09-28",31,"优",11,20,4,0.5,18,61,20
"2015-09-29",30,"优",11,28,3,0.4,24,47,17
"2015-09-30",52,"良",20,53,8,0.6,39,61,162
"2015-10-01",71,"良",34,91,21,1,48,63,257
"2015-10-02",93,"良",44,136,10,1,65,46,283
"2015-10-03",77,"良",26,103,7,0.6,43,63,206
"2015-10-04",109,"轻度污染",39,167,5,0.5,32,68,311
"2015-10-05",144,"轻度污染",54,237,6,0.5,24,74,340
"2015-10-06",55,"良",19,59,4,0.4,19,49,144
"2015-10-07",78,"良",36,106,9,0.9,41,39,271
"2015-10-08",104,"轻度污染",61,158,14,1.2,54,44,357
"2015-10-09",127,"轻度污染",82,203,28,1.3,69,40,360
"2015-10-10",130,"轻度污染",86,209,29,1.8,78,55,360
"2015-10-11",141,"轻度污染",84,232,23,1.2,57,65,360
"2015-10-12",120,"轻度污染",48,190,15,0.8,41,70,344
"2015-10-13",69,"良",37,87,20,0.8,51,49,127
"2015-10-14",72,"良",29,93,10,0.8,46,52,108
"2015-10-15",34,"优",12,34,6,0.5,24,35,11
"2015-10-16",44,"优",20,44,11,0.7,34,40,19
"2015-10-17",62,"良",31,73,12,0.9,47,28,60
"2015-10-18",67,"良",34,84,14,0.8,41,32,122
"2015-10-19",35,"优",14,28,4,0.5,28,26,19
"2015-10-20",42,"优",16,35,6,0.6,33,31,25
"2015-10-21",66,"良",43,82,11,1.3,52,29,111
"2015-10-22",92,"良",68,112,16,1.5,52,31,216
"2015-10-23",53,"良",35,56,8,0.8,42,17,39
"2015-10-24",42,"优",17,35,7,0.7,33,22,24
"2015-10-25",70,"良",44,89,9,1.5,49,26,196
"2015-10-26",85,"良",63,112,12,1.5,58,24,260
"2015-10-27",133,"轻度污染",101,174,19,2.2,68,23,364
"2015-10-28",100,"良",75,146,21,1.5,58,20,336
"2015-10-29",67,"良",25,55,9,0.9,53,45,218
"2015-10-30",78,"良",51,91,12,1.2,62,32,306
"2015-10-31",88,"良",60,125,21,1.3,59,24,298
"2015-11-01",93,"良",69,134,18,1.4,63,31,290
"2015-11-02",80,"良",53,109,9,1,48,22,202
"2015-11-03",49,"优",25,41,10,1,39,29,41
"2015-11-04",55,"良",24,40,8,1.1,44,30,57
"2015-11-05",69,"良",49,87,13,1.3,54,12,153
"2015-11-06",77,"良",56,99,16,1.4,54,18,276
"2015-11-07",127,"轻度污染",96,160,12,1.7,50,24,334
"2015-11-08",94,"良",70,119,13,1.3,51,24,274
"2015-11-09",104,"轻度污染",78,134,18,1.8,57,19,269
"2015-11-10",100,"良",75,131,15,1.7,54,22,268
"2015-11-11",118,"轻度污染",89,161,16,2.3,60,16,281
"2015-11-12",156,"中度污染",119,189,16,2,61,26,316
"2015-11-13",113,"轻度污染",85,149,20,2,65,20,288
"2015-11-14",70,"良",33,66,12,1.3,56,21,185
"2015-11-15",65,"良",41,79,5,1.2,45,24,163
"2015-11-16",78,"良",57,89,6,1.2,44,11,247
"2015-11-17",44,"优",26,44,6,1,34,20,75
"2015-11-18",79,"良",58,93,6,1.4,38,10,313
"2015-11-19",118,"轻度污染",89,124,5,1.6,42,11,340
"2015-11-20",78,"良",57,82,5,1.5,31,12,250
"2015-11-21",53,"良",37,55,7,1.4,39,8,98
"2015-11-22",64,"良",46,67,5,1.2,37,15,273
"2015-11-23",85,"良",63,86,10,1.6,41,14,342
"2015-11-24",83,"良",61,99,8,1.7,54,18,346
"2015-11-25",142,"轻度污染",108,145,13,2.5,63,14,361
"2015-11-26",204,"重度污染",154,221,6,3,78,5,364
"2015-11-27",172,"中度污染",130,206,8,3,59,5,352
"2015-11-28",145,"轻度污染",111,169,10,2.8,54,7,310
"2015-11-29",104,"轻度污染",78,117,10,2.8,48,10,220
"2015-11-30",77,"良",29,49,10,2,61,18,154
"2015-12-01",92,"良",68,107,9,2.3,60,11,205
"2015-12-02",115,"轻度污染",87,126,6,1.8,52,14,323
"2015-12-03",162,"中度污染",123,174,5,2.2,57,7,363
"2015-12-04",200,"中度污染",150,250,8,2.5,58,6,365
"2015-12-05",186,"中度污染",140,225,6,2.8,58,6,355
"2015-12-06",99,"良",74,140,9,2.3,48,8,250
"2015-12-07",65,"良",47,74,8,1.6,51,20,139
"2015-12-08",77,"良",56,78,6,1.7,48,15,172
"2015-12-09",107,"轻度污染",80,117,9,2.2,50,9,247
"2015-12-10",64,"良",39,60,9,1.5,51,14,126
"2015-12-11",43,"优",20,39,8,1.1,34,30,55
"2015-12-12",58,"良",23,40,9,1.2,46,28,106
"2015-12-13",90,"良",62,91,13,2.3,72,20,208
"2015-12-14",219,"重度污染",169,232,17,3.8,88,13,331
"2015-12-15",206,"重度污染",156,242,26,3.9,90,12,342
"2015-12-16",247,"重度污染",197,282,26,3.6,85,16,365
"2015-12-17",226,"重度污染",176,260,25,3.5,94,19,364
"2015-12-18",224,"重度污染",174,276,14,3.3,87,15,364
"2015-12-19",255,"重度污染",205,300,18,3.4,84,19,357
"2015-12-20",331,"严重污染",281,385,19,3.8,100,7,361
"2015-12-21",263,"重度污染",213,346,16,2.8,85,13,314
"2015-12-22",257,"重度污染",207,324,33,3.3,86,12,313
"2015-12-23",377,"严重污染",327,434,16,4.7,102,9,348
"2015-12-24",317,"严重污染",267,394,24,4,85,25,331
"2015-12-25",249,"重度污染",199,334,18,2.9,73,34,332
"2015-12-26",192,"中度污染",144,226,24,3.1,89,13,337
"2015-12-27",242,"重度污染",192,265,40,3.4,99,17,363
"2015-12-28",227,"重度污染",177,257,24,3.5,90,20,357
"2015-12-29",240,"重度污染",190,255,11,3.2,71,14,342
"2015-12-30",160,"中度污染",122,190,14,2.8,70,17,249
"2015-12-31",242,"重度污染",192,288,15,3.7,77,18,344
"2016-01-01",240,"重度污染",190,284,15,3.4,79,21,346
"2016-01-02",175,"中度污染",132,203,22,3,84,17,253
"2016-01-03",264,"重度污染",214,264,27,4.2,98,11,312
"2016-01-04",271,"重度污染",221,356,27,4,88,19,343
"2016-01-05",137,"轻度污染",104,172,20,2.5,66,34,300
"2016-01-06",183,"中度污染",138,182,17,3.3,69,14,334
"2016-01-07",123,"轻度污染",93,128,22,1.9,58,18,300
"2016-01-08",153,"中度污染",117,155,11,2,65,13,318
"2016-01-09",179,"中度污染",135,190,14,2.3,70,15,299
"2016-01-10",262,"重度污染",212,304,29,3.1,72,13,336
"2016-01-11",251,"重度污染",201,298,20,3,68,11,360
"2016-01-12",189,"中度污染",142,186,34,2.4,60,13,353
"2016-01-13",210,"重度污染",160,217,16,2.9,67,12,365
"2016-01-14",214,"重度污染",164,226,21,2.8,73,17,349
"2016-01-15",198,"中度污染",148,204,20,3.1,82,20,335
"2016-01-16",232,"重度污染",182,256,24,3,86,11,341
"2016-01-17",250,"重度污染",200,268,28,2.8,82,12,356
"2016-01-18",248,"重度污染",198,246,40,3,86,9,355
"2016-01-19",188,"中度污染",141,204,33,2.4,74,19,351
"2016-01-20",208,"重度污染",158,245,46,2.3,64,27,357
"2016-01-21",150,"轻度污染",115,158,18,2.3,68,26,328
"2016-01-22",216,"重度污染",166,213,33,3.2,86,14,361
"2016-01-23",279,"重度污染",229,301,35,3.9,102,11,364
"2016-01-24",230,"重度污染",180,240,48,3.3,95,17,364
"2016-01-25",219,"重度污染",169,222,40,3.5,103,14,364
"2016-01-26",248,"重度污染",198,299,31,3.9,109,17,364
"2016-01-27",295,"重度污染",245,345,24,4.3,115,13,365
"2016-01-28",432,"严重污染",397,523,16,5.4,127,10,366
"2016-01-29",402,"严重污染",352,488,45,4.4,91,10,366
"2016-01-30",234,"重度污染",184,243,54,3.1,80,16,361
"2016-01-31",292,"重度污染",242,334,50,3.4,90,18,364
"2016-02-01",298,"重度污染",248,336,26,3.4,93,16,366
"2016-02-02",268,"重度污染",218,330,16,3,86,17,365
"2016-02-03",330,"严重污染",280,416,33,3.4,92,20,365
"2016-02-04",273,"重度污染",223,307,32,3.3,90,19,364
"2016-02-05",280,"重度污染",230,296,35,3.7,97,22,366
"2016-02-06",286,"重度污染",236,351,28,3.5,94,36,365
"2016-02-07",296,"重度污染",246,323,42,3.8,103,39,365
"2016-02-08",382,"严重污染",332,392,47,3.6,88,39,363
"2016-02-09",309,"严重污染",259,359,41,3.9,81,39,364
"2016-02-10",111,"轻度污染",81,171,22,1.9,43,44,272
"2016-02-11",55,"良",27,60,12,1.4,35,39,99
"2016-02-12",102,"轻度污染",76,106,20,2.1,63,28,251
"2016-02-13",147,"轻度污染",112,156,16,2.2,58,33,358
"2016-02-14",129,"轻度污染",98,130,21,2.4,65,31,357
"2016-02-15",155,"中度污染",118,183,18,2.8,71,28,358
"2016-02-16",253,"重度污染",203,337,19,3.4,86,20,358
"2016-02-17",167,"中度污染",126,283,26,2.9,77,29,357
"2016-02-18",98,"良",68,146,15,2.7,69,41,297
"2016-02-19",206,"重度污染",156,232,24,3.2,75,32,349
"2016-02-20",134,"轻度污染",102,149,28,2.7,80,36,333
"2016-02-21",150,"轻度污染",115,172,24,3.3,94,30,353
"2016-02-22",257,"重度污染",207,288,46,4,94,28,362
"2016-02-23",365,"严重污染",315,418,38,4.4,108,30,363
"2016-02-24",380,"严重污染",330,404,44,4.3,112,24,365
"2016-02-25",398,"严重污染",348,460,58,5.4,128,23,366
"2016-02-26",313,"严重污染",263,374,53,4.6,130,52,364
"2016-02-27",298,"重度污染",248,317,36,4.8,141,38,362
"2016-02-28",356,"严重污染",306,426,48,4.8,128,47,365
"2016-02-29",310,"严重污染",260,392,46,5.1,134,46,365
"2016-03-01",207,"重度污染",157,232,31,4.2,94,47,363
"2016-03-02",172,"中度污染",130,198,28,3.2,85,51,339
"2016-03-03",48,"优",32,46,10,1.5,38,53,15
"2016-03-04",80,"良",32,56,13,2.1,64,30,124
"2016-03-05",95,"良",52,85,22,2.4,76,46,140
"2016-03-06",209,"重度污染",159,262,20,3.1,94,60,339
"2016-03-07",150,"轻度污染",115,166,25,2.3,68,54,308
"2016-03-08",62,"良",44,61,16,1.6,44,56,205
"2016-03-09",99,"良",74,119,17,1.9,60,42,344
"2016-03-10",128,"轻度污染",97,137,23,2,62,47,356
"2016-03-11",147,"轻度污染",112,167,21,2.6,82,36,358
"2016-03-12",163,"中度污染",124,195,22,2.6,76,62,355
"2016-03-13",153,"中度污染",117,166,22,2.1,58,52,351
"2016-03-14",209,"重度污染",159,238,23,2.6,90,51,361
"2016-03-15",156,"中度污染",119,173,27,1.9,68,64,341
"2016-03-16",77,"良",56,97,15,1.2,51,48,136
"2016-03-17",120,"轻度污染",91,127,15,1.2,50,34,231
"2016-03-18",122,"轻度污染",92,137,18,1.6,59,37,230
"2016-03-19",93,"良",69,99,17,1.1,48,35,184
"2016-03-20",59,"良",42,55,11,0.9,40,22,58
"2016-03-21",62,"良",44,74,13,1.3,45,42,108
"2016-03-22",69,"良",41,88,16,1.2,51,44,175
"2016-03-23",128,"轻度污染",97,162,21,1.6,59,50,356
"2016-03-24",104,"轻度污染",78,126,20,1.1,49,62,353
"2016-03-25",120,"轻度污染",91,176,27,1.6,59,73,349
"2016-03-26",78,"良",50,105,15,1.2,48,59,218
"2016-03-27",58,"良",23,66,10,1,43,57,59
"2016-03-28",67,"良",29,84,12,1.1,47,60,75
"2016-03-29",89,"良",44,128,21,1.1,59,65,230
"2016-03-30",78,"良",40,106,15,0.9,44,66,162
"2016-03-31",75,"良",34,100,13,1,46,59,138
"2016-04-01",69,"良",27,87,14,1,39,50,93
"2016-04-02",51,"良",30,52,10,0.7,32,53,50
"2016-04-03",57,"良",25,63,8,0.7,33,43,153
"2016-04-04",55,"良",31,60,8,0.9,40,61,119
"2016-04-05",52,"良",23,53,8,0.8,39,57,88
"2016-04-06",62,"良",27,74,10,0.9,44,70,190
"2016-04-07",68,"良",26,86,10,0.8,47,66,203
"2016-04-08",78,"良",34,105,13,1,55,76,235
"2016-04-09",151,"中度污染",34,252,8,0.7,37,65,336
"2016-04-10",49,"优",18,49,8,0.7,27,57,64
"2016-04-11",35,"优",16,35,6,0.6,26,61,9
"2016-04-12",61,"良",26,72,9,0.7,47,61,113
"2016-04-13",67,"良",25,83,9,0.7,43,53,118
"2016-04-14",49,"优",16,49,4,0.5,30,56,42
"2016-04-15",62,"良",23,74,8,0.6,36,53,127
"2016-04-16",64,"良",19,78,6,0.5,38,62,202
"2016-04-17",84,"良",30,117,12,0.6,37,70,312
"2016-04-18",94,"良",32,137,10,0.8,50,67,346
"2016-04-19",68,"良",22,86,12,0.6,43,68,177
"2016-04-20",68,"良",25,86,12,0.6,45,74,216
"2016-04-21",85,"良",34,119,14,0.6,55,85,230
"2016-04-22",85,"良",34,120,13,0.7,57,80,227
"2016-04-23",78,"良",24,105,6,0.6,35,58,243
"2016-04-24",42,"优",14,42,5,0.6,30,66,40
"2016-04-25",45,"优",16,45,6,0.6,35,72,55
"2016-04-26",63,"良",24,76,11,0.6,41,84,172
"2016-04-27",52,"良",18,53,8,0.6,38,59,75
"2016-04-28",61,"良",24,71,8,0.6,42,68,79
"2016-04-29",61,"良",23,72,14,0.7,48,56,67
"2016-04-30",34,"优",14,31,4,0.6,26,68,4
"2016-05-01",47,"优",20,40,7,0.6,37,71,24
"2016-05-02",73,"良",31,95,7,0.7,56,63,208
"2016-05-03",74,"良",32,81,7,1,59,47,220
"2016-05-04",49,"优",18,47,6,0.7,39,66,32
"2016-05-05",65,"良",31,80,8,0.8,49,64,142
"2016-05-06",72,"良",28,94,8,0.5,40,64,149
"2016-05-07",40,"优",18,39,7,0.5,32,64,38
"2016-05-08",63,"良",26,61,8,0.7,50,78,187
"2016-05-09",77,"良",32,104,12,0.6,35,78,277
"2016-05-10",31,"优",17,31,5,0.6,23,60,5
"2016-05-11",36,"优",20,36,5,0.6,24,62,5
"2016-05-12",66,"良",31,82,5,0.6,29,60,81
"2016-05-13",58,"良",32,66,7,0.7,37,57,90
"2016-05-14",91,"良",38,132,5,0.6,26,80,302
"2016-05-15",75,"良",32,99,9,0.6,23,83,325
"2016-05-16",81,"良",50,111,11,0.8,42,69,247
"2016-05-17",52,"良",18,54,7,0.7,34,62,33
"2016-05-18",30,"优",14,29,4,0.5,24,50,2
"2016-05-19",35,"优",14,30,4,0.5,24,70,11
"2016-05-20",45,"优",17,45,5,0.5,31,67,61
"2016-05-21",50,"优",19,50,9,0.7,38,67,119
"2016-05-22",54,"良",23,57,7,0.5,33,66,163
"2016-05-23",64,"良",28,77,9,0.6,40,69,157
"2016-05-24",46,"优",16,46,6,0.5,35,66,48
"2016-05-25",61,"良",25,71,11,0.5,39,69,157
"2016-05-26",73,"良",27,96,12,0.4,26,79,234
"2016-05-27",72,"良",29,93,6,0.6,44,71,242
"2016-05-28",45,"优",19,45,4,0.5,28,71,94
"2016-05-29",46,"优",21,46,4,0.5,26,78,81
"2016-05-30",55,"良",22,60,10,0.6,36,76,103
"2016-05-31",73,"良",29,95,8,0.7,40,83,189
"2016-06-01",56,"良",26,61,4,0.5,32,89,146
"2016-06-02",62,"良",23,73,3,0.5,33,85,177
"2016-06-03",63,"良",25,75,6,0.6,48,82,176
"2016-06-04",72,"良",36,94,9,0.7,48,90,202
"2016-06-05",57,"良",21,63,4,0.5,35,85,103
"2016-06-06",64,"良",26,78,7,0.6,43,91,116
"2016-06-07",76,"良",24,101,5,0.6,45,88,197
"2016-06-08",65,"良",27,79,7,0.5,42,87,136
"2016-06-09",61,"良",29,71,7,0.5,43,106,143
"2016-06-10",68,"良",29,85,5,0.4,35,93,184
"2016-06-11",68,"良",31,86,6,0.6,44,91,231
"2016-06-12",72,"良",31,93,6,0.6,48,77,237
"2016-06-13",68,"良",31,85,7,0.5,37,75,172
"2016-06-14",60,"良",24,69,7,0.5,37,111,155
"2016-06-15",85,"良",48,119,13,0.5,41,94,314
"2016-06-16",68,"良",44,86,8,0.5,34,95,145
"2016-06-17",55,"良",24,60,5,0.5,27,68,101
"2016-06-18",48,"优",15,31,3,0.5,22,95,115
"2016-06-19",47,"优",20,46,5,0.6,37,88,139
"2016-06-20",46,"优",10,28,4,0.4,22,91,119
"2016-06-21",45,"优",14,32,4,0.4,27,90,103
"2016-06-22",61,"良",25,61,9,0.6,40,113,205
"2016-06-23",45,"优",17,38,4,0.5,28,90,120
"2016-06-24",48,"优",11,30,4,0.4,24,95,143
"2016-06-25",49,"优",14,32,4,0.4,24,97,144
"2016-06-26",60,"良",15,42,7,0.5,30,112,167
"2016-06-27",73,"良",32,95,12,0.7,56,113,209
"2016-06-28",66,"良",29,82,8,0.6,40,90,201
"2016-06-29",49,"优",21,45,9,0.5,28,97,144
"2016-06-30",64,"良",28,78,8,0.6,50,103,231
"2016-07-01",71,"良",33,88,11,0.7,51,125,262
"2016-07-02",72,"良",28,82,8,0.6,39,126,236
"2016-07-03",57,"良",24,64,6,0.6,36,98,181
"2016-07-04",60,"良",29,68,9,0.6,46,111,206
"2016-07-05",56,"良",23,62,9,0.6,34,86,193
"2016-07-06",53,"良",19,56,6,0.5,22,94,181
"2016-07-07",36,"优",10,24,4,0.6,26,71,73
"2016-07-08",57,"良",26,48,7,0.7,32,108,193
"2016-07-09",51,"良",19,52,6,0.6,40,91,162
"2016-07-10",59,"良",22,54,6,0.6,34,110,213
"2016-07-11",60,"良",18,56,6,0.6,27,112,216
"2016-07-12",56,"良",21,54,8,0.5,36,107,188
"2016-07-13",72,"良",26,72,7,0.6,45,126,265
"2016-07-14",72,"良",30,85,9,0.6,50,126,270
"2016-07-15",79,"良",29,107,8,0.6,42,88,313
"2016-07-16",64,"良",14,30,4,0.4,27,116,204
"2016-07-17",70,"良",25,66,10,0.6,44,124,206
"2016-07-18",80,"良",32,109,9,0.7,43,126,265
"2016-07-19",50,"优",18,50,5,0.6,38,91,151
"2016-07-20",54,"良",21,57,6,0.6,37,90,218
"2016-07-21",60,"良",18,52,5,0.5,34,112,226
"2016-07-22",66,"良",23,65,9,0.5,32,119,220
"2016-07-23",45,"优",19,45,4,0.5,31,82,85
"2016-07-24",59,"良",19,40,6,0.5,35,110,139
"2016-07-25",67,"良",27,73,12,0.6,43,120,201
"2016-07-26",80,"良",36,95,9,0.7,53,136,247
"2016-07-27",74,"良",34,98,10,0.7,51,128,204
"2016-07-28",102,"轻度污染",34,106,12,0.7,40,162,292
"2016-07-29",57,"良",21,64,4,0.5,22,92,124
"2016-07-30",57,"良",17,35,3,0.6,25,108,116
"2016-07-31",65,"良",22,49,5,0.6,31,117,190
"2016-08-01",42,"优",17,40,3,0.5,21,84,76
"2016-08-02",44,"优",18,36,5,0.7,32,88,94
"2016-08-03",57,"良",32,63,9,0.8,42,102,226
"2016-08-04",71,"良",30,74,10,0.8,47,125,276
"2016-08-05",77,"良",31,87,11,0.7,51,132,286
"2016-08-06",65,"良",30,79,8,0.7,48,117,237
"2016-08-07",61,"良",22,54,8,0.6,29,113,245
"2016-08-08",40,"优",16,36,5,0.6,32,70,72
"2016-08-09",48,"优",18,45,5,0.6,38,95,131
"2016-08-10",70,"良",26,69,9,0.6,44,123,283
"2016-08-11",70,"良",30,90,9,0.7,55,120,256
"2016-08-12",75,"良",31,99,9,0.8,56,128,285
"2016-08-13",71,"良",32,92,7,0.8,52,104,256
"2016-08-14",75,"良",32,99,12,0.8,53,119,282
"2016-08-15",66,"良",23,66,10,0.6,38,119,269
"2016-08-16",55,"良",20,59,10,0.5,40,76,166
"2016-08-17",62,"良",16,56,10,0.4,34,114,165
"2016-08-18",71,"良",26,92,11,0.6,51,99,243
"2016-08-19",72,"良",28,94,10,0.7,55,104,260
"2016-08-20",75,"良",31,93,14,0.8,60,86,275
"2016-08-21",57,"良",18,58,8,0.4,33,108,133
"2016-08-22",56,"良",16,62,13,0.5,26,92,106
"2016-08-23",55,"良",20,60,10,0.4,30,72,95
"2016-08-24",64,"良",24,78,12,0.5,38,84,113
"2016-08-25",79,"良",29,108,12,0.7,48,108,245
"2016-08-26",82,"良",31,113,13,0.8,56,102,341
"2016-08-27",85,"良",37,110,17,1,68,86,286
"2016-08-28",95,"良",48,133,22,1.2,76,88,291
"2016-08-29",67,"良",26,84,10,0.7,47,118,162
"2016-08-30",75,"良",31,100,14,0.8,60,113,183
"2016-08-31",67,"良",22,79,12,0.7,53,100,153
"2016-09-01",69,"良",22,88,10,0.6,31,92,211
"2016-09-02",59,"良",24,68,12,0.6,44,78,143
"2016-09-03",69,"良",29,88,15,0.8,49,92,155
"2016-09-04",83,"良",38,106,17,1,66,100,218
"2016-09-05",66,"良",29,82,14,0.7,50,112,176
"2016-09-06",67,"良",29,84,8,0.7,51,94,216
"2016-09-07",59,"良",24,68,10,0.6,40,75,169
"2016-09-08",69,"良",29,87,13,0.7,48,80,173
"2016-09-09",66,"良",30,82,10,0.7,46,82,174
"2016-09-10",63,"良",30,74,10,0.8,50,68,193
"2016-09-11",61,"良",27,72,9,0.6,44,85,192
"2016-09-12",67,"良",30,84,12,0.8,44,98,180
"2016-09-13",67,"良",32,84,15,0.9,53,106,185
"2016-09-14",62,"良",20,73,5,0.6,33,60,164
"2016-09-15",48,"优",20,48,7,0.8,36,74,124
"2016-09-16",53,"良",20,55,8,0.9,40,66,168
"2016-09-17",69,"良",30,81,11,1,55,82,252
"2016-09-18",72,"良",33,82,10,1.1,57,84,278
"2016-09-19",70,"良",34,88,12,0.9,56,87,269
"2016-09-20",73,"良",31,77,13,0.9,58,92,219
"2016-09-21",74,"良",33,80,13,0.8,59,104,192
"2016-09-22",68,"良",31,86,7,0.7,38,87,141
"2016-09-23",54,"良",23,58,11,0.7,40,95,65
"2016-09-24",41,"优",14,41,15,0.6,26,53,27
"2016-09-25",65,"良",29,75,18,0.9,52,71,156
"2016-09-26",58,"良",22,66,15,0.8,43,68,114
"2016-09-27",60,"良",29,64,37,0.9,48,97,210
"2016-09-28",75,"良",36,73,19,1,60,84,335
"2016-09-29",65,"良",34,79,16,1,52,77,276
"2016-09-30",82,"良",40,79,20,1,65,82,283
"2016-10-01",68,"良",33,72,18,0.9,54,64,226
"2016-10-02",46,"优",22,46,13,0.7,34,41,111
"2016-10-03",27,"优",9,20,6,0.7,21,50,7
"2016-10-04",48,"优",20,33,10,0.8,38,47,89
"2016-10-05",43,"优",17,26,9,0.7,34,40,65
"2016-10-06",44,"优",19,33,10,0.9,35,54,62
"2016-10-07",62,"良",28,50,11,1,49,66,241
"2016-10-08",74,"良",54,74,17,1.3,59,60,312
"2016-10-09",69,"良",50,57,15,1.3,46,31,275
"2016-10-10",68,"良",43,80,14,1.3,54,29,246
"2016-10-11",83,"良",61,84,14,1.4,54,56,311
"2016-10-12",105,"轻度污染",79,111,17,1.5,61,60,322
"2016-10-13",119,"轻度污染",90,143,23,1.8,77,74,331
"2016-10-14",78,"良",45,105,12,0.9,34,57,264
"2016-10-15",52,"良",31,53,6,0.9,29,39,111
"2016-10-16",69,"良",43,86,16,1.4,55,37,250
"2016-10-17",76,"良",46,102,16,1.3,54,33,261
"2016-10-18",72,"良",50,93,11,1.3,56,45,199
"2016-10-19",33,"优",20,29,4,0.7,26,34,42
"2016-10-20",52,"良",36,53,5,0.9,39,28,149
"2016-10-21",57,"良",40,64,9,1,44,34,242
"2016-10-22",62,"良",44,63,9,1,42,41,305
"2016-10-23",82,"良",60,80,7,0.9,36,34,354
"2016-10-24",42,"优",29,33,6,0.7,29,33,102
"2016-10-25",45,"优",31,45,13,0.9,34,27,101
"2016-10-26",51,"良",33,52,8,1,39,27,157
"2016-10-27",50,"优",35,50,8,0.8,36,30,183
"2016-10-28",72,"良",52,68,9,0.9,37,25,330
"2016-10-29",88,"良",65,87,18,1.2,47,30,355
"2016-10-30",93,"良",69,96,18,1.3,49,28,345
"2016-10-31",88,"良",65,108,21,1.3,56,30,345
"2016-11-01",105,"轻度污染",79,129,15,1.5,58,30,348
"2016-11-02",179,"中度污染",135,202,29,2.3,73,26,357
"2016-11-03",105,"轻度污染",58,160,12,1.1,40,68,282
"2016-11-04",104,"轻度污染",49,157,14,1.1,36,56,253
"2016-11-05",40,"优",14,25,3,0.8,32,42,24
"2016-11-06",54,"良",27,48,7,1.1,43,44,51
"2016-11-07",80,"良",59,87,12,1.4,48,33,191
"2016-11-08",104,"轻度污染",78,110,20,2,64,28,341
"2016-11-09",57,"良",33,53,6,1.2,45,37,213
"2016-11-10",80,"良",59,86,10,1.7,56,27,263
"2016-11-11",67,"良",48,72,10,1.4,53,32,191
"2016-11-12",60,"良",39,70,11,1.1,41,51,85
"2016-11-13",52,"良",34,53,7,1.1,36,30,53
"2016-11-14",82,"良",60,93,10,1.8,46,20,169
"2016-11-15",107,"轻度污染",80,112,13,2.2,63,24,264
"2016-11-16",84,"良",62,77,7,1.2,41,15,218
"2016-11-17",46,"优",32,43,5,1,35,22,30
"2016-11-18",42,"优",29,38,8,1,33,54,16
"2016-11-19",69,"良",50,61,17,1.5,52,26,136
"2016-11-20",48,"优",27,35,17,1,38,42,78
"2016-11-21",63,"良",32,38,15,1.3,50,35,219
"2016-11-22",74,"良",41,65,23,1.7,59,25,336
"2016-11-23",110,"轻度污染",83,110,19,2.3,65,22,350
"2016-11-24",152,"中度污染",116,169,23,3.6,85,14,350
"2016-11-25",170,"中度污染",129,177,28,3.4,97,15,339
"2016-11-26",225,"重度污染",175,200,29,3.1,84,24,360
"2016-11-27",120,"轻度污染",91,142,18,1.9,60,41,281
"2016-11-28",170,"中度污染",129,192,14,2.4,74,22,353
"2016-11-29",253,"重度污染",203,249,15,3.3,78,17,362
"2016-11-30",245,"重度污染",195,239,14,3.1,82,20,362
"2016-12-01",305,"严重污染",255,343,20,4.4,103,14,367
"2016-12-02",347,"严重污染",297,406,20,4.8,112,20,367
"2016-12-03",224,"重度污染",174,233,25,2.7,72,28,345
"2016-12-04",306,"严重污染",256,281,45,3.9,93,18,359
"2016-12-05",267,"重度污染",217,262,35,3.3,82,33,361
"2016-12-06",273,"重度污染",223,279,21,3.5,75,19,364
"2016-12-07",226,"重度污染",176,253,16,2.9,72,25,359
"2016-12-08",195,"中度污染",146,196,11,2.6,58,13,324
"2016-12-09",163,"中度污染",124,172,10,3.1,60,9,330
"2016-12-10",104,"轻度污染",78,98,8,2,50,12,213
"2016-12-11",112,"轻度污染",84,95,7,1.9,38,10,230
"2016-12-12",109,"轻度污染",82,113,6,2.1,38,10,229
"2016-12-13",100,"良",75,91,10,1.9,46,14,256
"2016-12-14",137,"轻度污染",104,124,7,1.8,45,21,335
"2016-12-15",123,"轻度污染",93,110,9,1.5,40,27,284
"2016-12-16",138,"轻度污染",105,141,6,1.7,46,18,278
"2016-12-17",128,"轻度污染",97,125,8,2.2,51,22,232
"2016-12-18",124,"轻度污染",94,130,11,2.2,54,14,205
"2016-12-19",123,"轻度污染",93,128,10,1.7,39,17,157
"2016-12-20",112,"轻度污染",84,102,10,1.6,43,21,175
"2016-12-21",156,"中度污染",119,143,10,1.9,49,17,284
"2016-12-22",179,"中度污染",135,164,14,2.1,66,18,345
"2016-12-23",215,"重度污染",165,250,16,2.7,69,13,364
"2016-12-24",84,"良",62,91,12,1.4,56,36,177
"2016-12-25",77,"良",46,64,14,1.6,61,30,211
"2016-12-26",144,"轻度污染",110,147,14,1.8,59,23,353
"2016-12-27",149,"轻度污染",114,155,23,2.2,70,26,349
"2016-12-28",239,"重度污染",189,209,24,3,86,16,364
"2016-12-29",292,"重度污染",242,316,26,3.5,93,18,366
"2016-12-30",222,"重度污染",172,231,30,2.5,92,15,337
"2016-12-31",245,"重度污染",195,242,14,2.6,70,31,327
"2017-01-01",169,"中度污染",128,196,18,2.2,65,32,228
"2017-01-02",224,"重度污染",174,217,17,3.2,79,21,295
"2017-01-03",301,"严重污染",251,374,22,3.7,82,24,351
"2017-01-04",223,"重度污染",173,197,26,3.5,106,18,285
"2017-01-05",295,"重度污染",245,330,25,3.9,102,13,352
"2017-01-06",310,"严重污染",260,311,29,3.6,102,19,363
"2017-01-07",322,"严重污染",272,354,20,3.4,77,23,366
"2017-01-08",207,"重度污染",157,164,28,2.3,67,29,326
"2017-01-09",268,"重度污染",218,233,26,3,84,18,366
"2017-01-10",288,"重度污染",238,327,24,4,99,16,366
"2017-01-11",296,"重度污染",246,296,34,3.3,90,21,366
"2017-01-12",224,"重度污染",174,196,25,2.8,92,27,344
"2017-01-13",369,"严重污染",319,368,38,4.5,115,19,367
"2017-01-14",256,"重度污染",206,304,37,3.4,89,28,363
"2017-01-15",237,"重度污染",187,240,28,3.4,87,18,360
"2017-01-16",318,"严重污染",268,353,30,4.1,99,19,362
"2017-01-17",346,"严重污染",296,357,41,4.6,109,17,363
"2017-01-18",402,"严重污染",353,472,45,4.8,115,19,366
"2017-01-19",196,"中度污染",147,167,42,2.2,85,32,339
"2017-01-20",272,"重度污染",222,302,27,3.5,98,26,365
"2017-01-21",386,"严重污染",336,392,44,4,94,28,367
"2017-01-22",295,"重度污染",245,294,41,2.9,97,42,364
"2017-01-23",282,"重度污染",232,186,42,3.1,95,39,364
"2017-01-24",235,"重度污染",185,169,31,2.5,82,40,342
"2017-01-25",211,"重度污染",161,135,30,2,65,42,304
"2017-01-26",198,"中度污染",148,106,24,1.9,66,41,302
"2017-01-27",227,"重度污染",177,219,24,2.5,80,36,350
"2017-01-28",364,"严重污染",314,382,47,3.6,93,37,355
"2017-01-29",258,"重度污染",208,186,36,2.8,90,39,360
"2017-01-30",304,"严重污染",254,255,24,3,92,40,366
"2017-01-31",309,"严重污染",259,318,30,3.2,100,38,366
"2017-02-01",400,"严重污染",350,355,38,3.9,104,46,367
"2017-02-02",343,"严重污染",293,330,37,3.5,92,51,367
"2017-02-03",321,"严重污染",271,303,37,3.1,92,67,366
"2017-02-04",170,"中度污染",129,223,26,2,72,58,304
"2017-02-05",95,"良",71,52,16,1.4,43,49,204
"2017-02-06",120,"轻度污染",91,89,16,1.4,50,45,298
"2017-02-07",132,"轻度污染",100,109,14,1.8,66,42,354
"2017-02-08",153,"中度污染",117,154,11,1.9,67,39,320
"2017-02-09",199,"中度污染",149,180,17,2.5,91,35,280
"2017-02-10",299,"重度污染",249,280,19,3,99,37,336
"2017-02-11",292,"重度污染",242,260,27,3.4,101,42,337
"2017-02-12",253,"重度污染",203,236,31,3.3,89,45,309
"2017-02-13",229,"重度污染",179,211,26,3.1,94,44,321
"2017-02-14",294,"重度污染",244,294,22,3.4,96,46,334
"2017-02-15",288,"重度污染",238,319,33,3,84,59,332
"2017-02-16",278,"重度污染",228,279,18,3,86,40,320
"2017-02-17",224,"重度污染",174,264,18,2.3,62,49,328
"2017-02-18",217,"重度污染",167,221,19,2.9,88,67,315
"2017-02-19",173,"中度污染",131,166,21,2.3,73,49,307
"2017-02-20",54,"良",28,36,12,1.2,43,62,20
"2017-02-21",102,"轻度污染",67,94,19,2,83,62,237
"2017-02-22",148,"轻度污染",113,135,23,2.1,77,61,324
"2017-02-23",147,"轻度污染",112,137,21,2.3,91,54,306
"2017-02-24",135,"轻度污染",103,100,22,2.4,99,68,328
"2017-02-25",298,"重度污染",248,246,28,3.5,120,71,327
"2017-02-26",319,"严重污染",269,334,36,4,136,79,336
"2017-02-27",277,"重度污染",227,226,34,3.1,104,88,309
"2017-02-28",183,"中度污染",138,143,21,2.5,82,96,333
"2017-03-01",242,"重度污染",192,262,23,2.2,68,84,332
"2017-03-02",198,"中度污染",148,155,18,2.8,91,75,321
"2017-03-03",196,"中度污染",147,199,18,2,54,73,336
"2017-03-04",103,"轻度污染",77,80,11,1.3,38,73,290
"2017-03-05",92,"良",68,88,10,1.2,40,64,182
"2017-03-06",114,"轻度污染",86,111,14,1.5,51,66,287
"2017-03-07",189,"中度污染",142,142,16,2.5,75,73,302
"2017-03-08",247,"重度污染",197,221,12,2.3,80,58,333
"2017-03-09",224,"重度污染",174,216,13,2.5,71,65,338
"2017-03-10",175,"中度污染",132,178,9,2,62,58,337
"2017-03-11",137,"轻度污染",104,115,9,1.5,53,51,253
"2017-03-12",132,"轻度污染",100,117,10,1.5,52,48,279
"2017-03-13",148,"轻度污染",113,131,10,1.5,52,46,322
"2017-03-14",182,"中度污染",137,175,15,2.1,62,58,334
"2017-03-15",110,"轻度污染",83,110,10,1.4,51,60,331
"2017-03-16",139,"轻度污染",106,134,8,1.5,51,51,297
"2017-03-17",124,"轻度污染",94,121,8,1.3,45,54,223
"2017-03-18",95,"良",71,88,7,1.1,42,54,293
"2017-03-19",104,"轻度污染",78,92,8,1.1,41,58,213
"2017-03-20",83,"良",61,72,6,1,38,60,227
"2017-03-21",74,"良",54,60,10,1,39,71,213
"2017-03-22",73,"良",53,60,11,1.2,58,77,206
"2017-03-23",73,"良",52,71,15,1.4,58,72,247
"2017-03-24",114,"轻度污染",86,102,14,1.7,63,78,170
"2017-03-25",107,"轻度污染",80,102,10,1.3,52,52,279
"2017-03-26",132,"轻度污染",100,151,11,1.7,61,62,232
"2017-03-27",147,"轻度污染",112,150,12,1.6,73,57,327
"2017-03-28",158,"中度污染",120,152,13,1.7,69,51,305
"2017-03-29",68,"良",49,59,13,1.2,51,73,305
"2017-03-30",74,"良",54,98,15,1.2,47,79,139
"2017-03-31",115,"轻度污染",46,179,11,1,38,57,251
"2017-04-01",87,"良",59,124,11,1.1,43,63,274
"2017-04-02",61,"良",42,72,13,1,45,76,139
"2017-04-03",63,"良",45,74,14,1,44,57,105
"2017-04-04",35,"优",17,25,6,0.8,28,44,44
"2017-04-05",50,"优",33,47,9,1.1,40,62,80
"2017-04-06",48,"优",31,48,11,0.9,38,65,10
"2017-04-07",42,"优",23,38,10,0.8,33,59,48
"2017-04-08",53,"良",27,55,12,0.9,37,62,101
"2017-04-09",52,"良",35,53,12,0.8,31,63,177
"2017-04-10",54,"良",38,58,9,0.9,40,61,249
"2017-04-11",62,"良",43,73,11,1,48,88,293
"2017-04-12",60,"良",36,70,10,0.8,40,89,280
"2017-04-13",59,"良",30,68,13,0.7,30,84,113
"2017-04-14",37,"优",14,26,8,0.7,25,74,45
"2017-04-15",38,"优",15,34,8,0.7,29,75,11
"2017-04-16",60,"良",26,70,13,0.8,39,68,136
"2017-04-17",73,"良",44,95,15,1.1,40,72,202
"2017-04-18",41,"优",13,29,7,0.7,24,81,19
"2017-04-19",50,"优",21,50,10,0.7,38,86,155
"2017-04-20",66,"良",26,81,10,0.8,42,82,185
"2017-04-21",74,"良",28,98,14,0.8,44,92,252
"2017-04-22",85,"良",35,120,13,0.8,42,107,299
"2017-04-23",45,"优",13,45,8,0.7,22,78,334
"2017-04-24",43,"优",14,43,8,0.7,31,83,51
"2017-04-25",57,"良",21,64,9,0.8,37,85,220
"2017-04-26",56,"良",15,61,8,0.6,22,83,273
"2017-04-27",42,"优",16,42,7,0.8,33,82,148
"2017-04-28",55,"良",22,60,10,0.8,42,102,137
"2017-04-29",75,"良",22,99,9,0.7,30,80,87
"2017-04-30",62,"良",16,73,8,0.7,23,51,233
