"日期","AQI","AQI级别","PM2.5","PM10","SO2","CO","NO2","O3_8h","排名"
2013-12-02,209,"重度污染",159,278,386,5.5,87,9,77
2013-12-03,146,"轻度污染",112,198,182,4.2,59,15,51
2013-12-04,178,"中度污染",135,234,216,4.9,63,15,63
2013-12-05,163,"中度污染",124,220,180,4.1,55,18,65
2013-12-06,169,"中度污染",128,218,203,1.9,63,18,70
2013-12-07,193,"中度污染",145,244,203,0.6,71,15,52
2013-12-08,139,"轻度污染",107,192,152,0.2,48,33,37
2013-12-09,65,"良",34,79,78,2.2,29,36,14
2013-12-10,91,"良",68,133,108,1.9,37,37,28
2013-12-11,65,"良",32,80,56,1.6,29,38,22
2013-12-12,91,"良",68,121,92,1.4,29,37,32
2013-12-13,125,"轻度污染",95,116,76,1.4,25,25,60
2013-12-14,116,"轻度污染",88,130,85,1.5,23,33,45
2013-12-15,103,"轻度污染",77,113,75,1.5,31,28,53
2013-12-16,137,"轻度污染",105,147,100,1.8,38,17,76
2013-12-17,111,"轻度污染",84,113,51,1.5,37,20,76
2013-12-18,73,"良",53,77,52,1.4,30,20,51
2013-12-19,116,"轻度污染",87,120,83,1.8,33,19,55
2013-12-20,134,"轻度污染",102,133,101,1.9,31,18,58
2013-12-21,173,"中度污染",131,157,113,2.2,32,11,86
2013-12-22,217,"重度污染",167,198,131,2.3,33,13,87
2013-12-23,162,"中度污染",123,176,117,2.1,39,11,51
2013-12-24,186,"中度污染",140,230,174,2.6,41,9,52
2013-12-25,174,"中度污染",132,218,133,2.4,35,35,45
2013-12-26,46,"优",16,46,34,1.4,22,35,9
2013-12-27,68,"良",43,87,79,1.8,26,22,25
2013-12-28,48,"优",20,48,41,1.5,31,74,4
2013-12-29,69,"良",42,89,92,1.7,37,72,12
2013-12-30,65,"良",38,81,62,1.7,28,40,3
2013-12-31,72,"良",28,95,42,1.8,23,44,7
2014-01-01,101,"轻度污染",70,151,101,2.8,33,30,53
2014-01-02,115,"轻度污染",87,156,151,3.6,38,17,66
2014-01-03,76,"良",55,103,91,2.4,32,26,30
2014-01-04,103,"轻度污染",77,131,134,2.9,37,25,62
2014-01-05,87,"良",65,118,108,2.8,36,24,22
2014-01-06,119,"轻度污染",90,156,125,3.1,44,9,52
2014-01-07,142,"轻度污染",109,171,121,3,41,14,117
2014-01-08,55,"良",23,60,41,1.9,20,46,48
2014-01-09,74,"良",50,99,96,2.6,35,24,96
2014-01-10,105,"轻度污染",79,132,129,3.1,39,12,90
2014-01-11,103,"轻度污染",78,131,147,3.1,35,30,76
2014-01-12,58,"良",32,67,63,2.3,27,28,26
2014-01-13,83,"良",61,109,117,3,38,24,71
2014-01-14,109,"轻度污染",82,134,129,3.3,41,15,88
2014-01-15,135,"轻度污染",103,160,174,3.8,41,13,91
2014-01-16,181,"中度污染",137,194,186,4,46,22,117
2014-01-17,103,"轻度污染",77,124,123,3.3,33,27,43
2014-01-18,105,"轻度污染",79,136,156,3.5,40,14,50
2014-01-19,93,"良",69,134,104,3,27,38,21
2014-01-20,53,"良",20,57,44,2.4,20,38,8
2014-01-21,71,"良",52,92,104,3.3,37,19,45
2014-01-22,145,"轻度污染",111,161,177,4.2,52,19,161
2014-01-23,230,"重度污染",180,249,246,5,62,15,176
2014-01-24,169,"中度污染",129,177,165,3.7,54,27,132
2014-01-25,111,"轻度污染",84,123,124,3,55,20,83
2014-01-26,154,"中度污染",118,169,139,3.3,56,20,152
2014-01-27,205,"重度污染",155,204,160,3.4,56,17,161
2014-01-28,68,"良",50,87,82,1.7,35,28,63
2014-01-29,141,"轻度污染",108,166,131,2.2,59,36,139
2014-01-30,98,"良",73,118,110,1.9,50,44,54
2014-01-31,195,"中度污染",146,215,111,2.5,46,29,76
2014-02-01,245,"重度污染",195,272,188,3.5,63,28,162
2014-02-02,206,"重度污染",156,227,165,3.3,57,39,119
2014-02-03,54,"良",22,58,31,1.3,19,37,44
2014-02-04,49,"优",20,49,38,1.4,21,28,62
2014-02-05,69,"良",51,74,46,1.7,25,21,134
2014-02-06,101,"轻度污染",76,95,57,1.9,28,19,161
2014-02-07,203,"重度污染",153,189,132,2.7,48,14,177
2014-02-08,85,"良",63,87,63,1.7,26,34,130
2014-02-09,24,"优",14,24,37,1.1,19,34,18
2014-02-10,64,"良",46,69,80,1.7,32,23,124
2014-02-11,109,"轻度污染",82,116,125,2.3,40,28,141
2014-02-12,67,"良",49,80,91,1.9,27,23,41
2014-02-13,115,"轻度污染",87,129,98,1.9,23,32,118
2014-02-14,199,"中度污染",149,210,108,2.1,26,39,158
2014-02-15,259,"重度污染",209,290,141,2.7,32,29,169
2014-02-16,183,"中度污染",138,197,84,2.4,23,43,153
2014-02-17,121,"轻度污染",92,130,46,1.7,18,45,140
2014-02-18,133,"轻度污染",101,142,85,1.7,24,37,178
2014-02-19,74,"良",55,92,50,1.4,16,41,70
2014-02-20,84,"良",62,101,69,1.6,18,31,80
2014-02-21,220,"重度污染",170,219,111,2.1,29,37,169
2014-02-22,251,"重度污染",201,277,164,2.5,33,33,175
2014-02-23,219,"重度污染",169,233,134,2.6,31,28,155
2014-02-24,181,"中度污染",136,207,100,2,30,36,134
2014-02-25,202,"重度污染",152,233,117,2.2,33,57,142
2014-02-26,183,"中度污染",138,220,137,2.5,36,29,150
2014-02-27,61,"良",26,71,51,1.3,20,40,52
2014-02-28,121,"轻度污染",92,149,90,2.1,32,23,179
2014-03-01,164,"中度污染",125,188,148,2.4,36,33,178
2014-03-02,103,"轻度污染",77,147,138,2.3,33,49,118
2014-03-03,102,"轻度污染",72,154,120,2.2,30,42,124
2014-03-04,57,"良",25,65,45,1.5,19,43,44
2014-03-05,67,"良",37,85,56,1.7,26,39,78
2014-03-06,54,"良",22,57,39,1.4,20,45,59
2014-03-07,110,"轻度污染",83,157,89,2.2,33,27,153
2014-03-08,143,"轻度污染",110,170,82,2.3,29,49,162
2014-03-09,93,"良",64,136,83,2.2,30,58,109
2014-03-10,153,"中度污染",117,202,80,2.5,40,65,146
2014-03-11,121,"轻度污染",92,169,79,2.3,33,61,124
2014-03-12,65,"良",33,80,36,1.6,18,42,55
2014-03-13,63,"良",23,75,42,1.7,18,55,63
2014-03-14,82,"良",39,114,63,2,24,53,75
2014-03-15,104,"轻度污染",68,158,87,2.4,28,61,115
2014-03-16,117,"轻度污染",71,185,88,2.4,31,71,115
2014-03-17,159,"中度污染",72,268,49,1.8,27,48,151
2014-03-18,101,"轻度污染",44,152,38,1.7,23,39,72
2014-03-19,126,"轻度污染",56,202,37,1.9,24,49,148
2014-03-20,63,"良",27,76,30,1.6,17,50,54
2014-03-21,90,"良",49,130,61,2.2,27,51,152
2014-03-22,93,"良",55,136,66,2.3,28,52,117
2014-03-23,91,"良",57,132,47,2.2,29,73,90
2014-03-24,114,"轻度污染",87,158,63,2.4,35,68,128
2014-03-25,100,"良",65,150,61,2.4,39,72,89
2014-03-26,104,"轻度污染",60,159,52,2.3,35,70,87
2014-03-27,122,"轻度污染",78,195,54,2.4,29,85,118
2014-03-28,92,"良",42,134,25,1.8,14,63,108
2014-03-29,86,"良",38,123,33,2.1,22,57,96
2014-03-30,101,"轻度污染",47,152,37,2.2,23,83,113
2014-03-31,82,"良",61,98,26,2.3,19,67,94
2014-04-01,105,"轻度污染",79,130,34,2.3,24,57,139
2014-04-02,110,"轻度污染",74,170,36,2.3,26,48,158
2014-04-03,67,"良",35,84,20,1.8,17,54,64
2014-04-04,92,"良",42,135,35,2,26,49,122
2014-04-05,95,"良",30,140,20,1.8,17,56,134
2014-04-06,105,"轻度污染",51,160,33,2.2,29,63,157
2014-04-07,119,"轻度污染",72,188,40,2.4,34,73,171
2014-04-08,125,"轻度污染",71,200,34,2.3,33,77,120
2014-04-09,139,"轻度污染",91,229,42,2.5,37,80,150
2014-04-10,134,"轻度污染",91,218,20,2.4,19,63,155
2014-04-11,112,"轻度污染",77,173,22,2.5,25,32,155
2014-04-12,156,"中度污染",119,209,29,3,34,44,174
2014-04-13,166,"中度污染",126,217,37,2.9,31,70,169
2014-04-14,108,"轻度污染",81,164,30,2.3,27,81,121
2014-04-15,55,"良",30,59,19,1.6,13,61,18
2014-04-16,63,"良",43,75,22,1.7,25,49,46
2014-04-17,110,"轻度污染",83,126,37,2.3,30,43,138
2014-04-18,94,"良",69,137,24,2,23,41,132
2014-04-19,61,"良",43,71,22,1.8,25,47,85
2014-04-20,80,"良",52,110,30,1.8,26,51,124
2014-04-21,78,"良",41,105,29,1.5,25,64,114
2014-04-22,86,"良",55,122,31,1.4,24,81,123
2014-04-23,89,"良",57,129,38,1.4,27,76,100
2014-04-24,98,"良",72,146,30,1.6,23,90,126
2014-04-25,120,"轻度污染",70,191,23,1.3,20,72,165
2014-04-26,108,"轻度污染",45,166,20,1.1,18,55,166
2014-04-27,81,"良",34,112,24,1.2,22,68,131
2014-04-28,74,"良",35,98,28,1.4,24,64,101
2014-04-29,87,"良",53,124,30,1.6,29,82,86
2014-04-30,89,"良",55,127,32,1.7,35,89,72
2014-05-01,120,"轻度污染",62,190,30,1.7,30,65,119
2014-05-02,66,"良",16,82,17,1.2,11,63,41
2014-05-03,75,"良",31,99,29,1.5,21,64,78
2014-05-04,76,"良",28,102,15,1.1,18,60,119
2014-05-05,76,"良",33,102,29,1.1,40,60,112
2014-05-06,105,"轻度污染",57,160,61,1.1,52,78,144
2014-05-07,83,"良",35,115,23,0.5,38,67,79
2014-05-08,125,"轻度污染",87,200,44,1,50,103,161
2014-05-09,159,"中度污染",121,233,35,1.1,43,90,183
2014-05-10,92,"良",69,107,11,1.1,36,69,171
2014-05-11,57,"良",33,64,17,0.8,36,59,93
2014-05-12,97,"良",57,144,50,1.1,59,90,155
2014-05-13,115,"轻度污染",72,180,63,1.2,74,84,159
2014-05-14,68,"良",23,86,21,0.6,36,69,66
2014-05-15,86,"良",41,122,55,1,58,72,116
2014-05-16,98,"良",56,146,75,1.1,62,76,108
2014-05-17,91,"良",49,132,34,1,44,102,98
2014-05-18,92,"良",62,134,51,1,55,120,114
2014-05-19,103,"轻度污染",64,156,46,0.8,52,71,132
2014-05-20,108,"轻度污染",74,166,65,1,57,98,121
2014-05-21,123,"轻度污染",79,195,42,0.9,60,108,123
2014-05-22,116,"轻度污染",79,182,29,0.8,46,114,123
2014-05-23,70,"良",40,91,22,0.8,39,105,76
2014-05-24,59,"良",34,61,21,0.8,30,111,77
2014-05-25,90,"良",35,131,11,0.4,21,83,100
2014-05-26,76,"良",32,103,35,0.8,55,92,60
2014-05-27,94,"良",40,138,52,1,53,88,68
2014-05-28,76,"良",31,102,46,0.9,62,107,59
2014-05-29,86,"良",44,121,72,1.1,68,121,55
2014-05-30,90,"良",48,131,63,1.3,68,120,74
2014-05-31,88,"良",53,127,38,1.1,55,112,72
2014-06-01,72,"良",38,78,23,1,32,126,84
2014-06-02,63,"良",38,75,17,1,35,102,77
2014-06-03,66,"良",21,50,17,1,29,119,83
2014-06-04,68,"良",36,81,32,1.2,45,122,69
2014-06-05,72,"良",46,95,32,1.4,50,115,75
2014-06-06,59,"良",26,69,17,1.1,34,75,60
2014-06-07,55,"良",20,59,26,1,44,101,50
2014-06-08,70,"良",32,91,38,1.1,49,90,58
2014-06-09,55,"良",17,61,18,0.8,32,82,42
2014-06-10,53,"良",17,57,22,0.9,36,82,57
2014-06-11,66,"良",31,82,20,1,37,100,65
2014-06-12,75,"良",51,99,24,1.2,40,126,59
2014-06-13,88,"良",55,125,41,1.5,53,122,73
2014-06-14,89,"良",67,117,36,1.6,52,124,63
2014-06-15,115,"轻度污染",87,149,40,1.6,46,127,105
2014-06-16,109,"轻度污染",83,160,32,1.5,62,123,116
2014-06-17,86,"良",64,117,35,1.5,38,138,123
2014-06-18,102,"轻度污染",77,128,21,1.6,50,108,147
2014-06-19,53,"良",24,55,14,1.2,38,57,55
2014-06-20,56,"良",22,53,20,1.2,35,107,83
2014-06-21,74,"良",51,97,19,1.5,37,116,137
2014-06-22,91,"良",67,121,23,1.6,39,140,156
2014-06-23,83,"良",59,112,21,1.6,35,140,120
2014-06-24,111,"轻度污染",84,144,25,1.7,36,153,138
2014-06-25,75,"良",55,87,14,1.7,40,125,105
2014-06-26,80,"良",58,111,24,1.7,52,126,128
2014-06-27,63,"良",25,75,26,1.3,45,104,93
2014-06-28,66,"良",29,81,34,1.4,47,117,77
2014-06-29,72,"良",48,94,36,1.7,40,98,92
2014-06-30,78,"良",47,106,30,1.6,46,118,89
2014-07-01,75,"良",41,100,23,1.7,47,96,86
2014-07-02,80,"良",46,85,31,1.6,46,136,136
2014-07-03,76,"良",47,103,31,1.5,50,112,90
2014-07-04,65,"良",39,81,22,1.4,47,96,75
2014-07-05,72,"良",49,94,18,1.2,36,115,115
2014-07-06,97,"良",64,121,26,1.4,42,156,148
2014-07-07,141,"轻度污染",108,189,39,1.4,51,164,171
2014-07-08,111,"轻度污染",84,142,19,1.1,38,119,141
2014-07-09,38,"优",12,28,9,0.5,25,76,11
2014-07-10,78,"良",21,37,19,0.9,38,134,105
2014-07-11,92,"良",53,113,32,1.2,46,150,105
2014-07-12,69,"良",24,70,17,0.6,36,123,95
2014-07-13,74,"良",41,97,34,1,50,103,119
2014-07-14,82,"良",43,114,42,1.1,56,115,105
2014-07-15,98,"良",51,126,64,1,55,158,146
2014-07-16,128,"轻度污染",59,135,46,1,59,191,181
2014-07-17,133,"轻度污染",75,159,46,1,50,196,178
2014-07-18,122,"轻度污染",71,153,24,1.1,42,184,169
2014-07-19,107,"轻度污染",51,102,15,0.8,25,168,151
2014-07-20,98,"良",54,103,30,0.8,39,158,151
2014-07-21,80,"良",56,110,31,0.9,45,125,121
2014-07-22,46,"优",19,46,12,0.6,33,69,32
2014-07-23,48,"优",13,37,16,0.6,34,96,44
2014-07-24,68,"良",18,54,20,0.6,37,122,118
2014-07-25,101,"轻度污染",23,66,22,0.7,44,161,160
2014-07-26,118,"轻度污染",47,116,42,0.9,54,180,135
2014-07-27,106,"轻度污染",51,116,33,0.8,44,167,119
2014-07-28,147,"轻度污染",75,147,43,1.1,51,212,174
2014-07-29,112,"轻度污染",85,153,26,1.3,43,166,133
2014-07-30,117,"轻度污染",44,87,26,1,40,179,169
2014-07-31,119,"轻度污染",59,112,23,0.9,37,181,166
2014-08-01,120,"轻度污染",86,146,21,1.1,31,182,169
2014-08-02,143,"轻度污染",101,161,30,1.3,38,207,180
2014-08-03,131,"轻度污染",98,169,29,1.3,40,194,170
2014-08-04,137,"轻度污染",104,165,29,1.5,34,157,168
2014-08-05,50,"优",22,50,18,0.7,31,72,45
2014-08-06,38,"优",15,38,15,0.8,40,49,28
2014-08-07,57,"良",23,45,25,0.8,33,108,77
2014-08-08,74,"良",51,99,35,1.2,46,104,115
2014-08-09,101,"轻度污染",76,125,43,1.6,50,148,175
2014-08-10,99,"良",66,130,42,1.4,55,159,158
2014-08-11,64,"良",31,77,27,0.9,42,85,74
2014-08-12,64,"良",31,79,30,0.9,41,61,100
2014-08-13,51,"良",27,52,28,1,28,73,63
2014-08-14,54,"良",24,58,29,0.9,33,94,84
2014-08-15,58,"良",29,65,33,1,40,109,55
2014-08-16,62,"良",33,75,35,1,39,93,65
2014-08-17,49,"优",27,49,23,1,31,74,55
2014-08-18,59,"良",33,67,27,1,36,97,85
2014-08-19,66,"良",37,82,30,1.1,37,116,100
2014-08-20,71,"良",42,92,33,1,38,110,93
2014-08-21,66,"良",34,82,27,0.9,34,103,49
2014-08-22,59,"良",36,68,22,0.9,29,86,52
2014-08-23,57,"良",32,63,20,0.9,24,83,51
2014-08-24,38,"优",12,32,14,0.7,16,75,17
2014-08-25,40,"优",12,37,16,0.6,20,80,16
2014-08-26,52,"良",17,54,22,0.7,26,90,37
2014-08-27,62,"良",33,75,21,0.9,22,107,83
2014-08-28,53,"良",32,56,17,0.9,20,102,56
2014-08-29,69,"良",50,87,25,1.1,23,98,112
2014-08-30,68,"良",50,84,22,1.1,20,105,99
2014-08-31,67,"良",49,84,29,1.1,23,103,119
2014-09-01,75,"良",55,91,38,1.1,20,98,148
2014-09-02,46,"优",24,46,14,0.8,20,68,55
2014-09-03,44,"优",17,44,20,0.7,26,79,48
2014-09-04,68,"良",36,86,39,1,34,93,68
2014-09-05,88,"良",58,124,46,1.1,33,145,101
2014-09-06,93,"良",69,123,30,1.1,20,138,116
2014-09-07,122,"轻度污染",93,138,50,1.4,26,95,158
2014-09-08,80,"良",59,96,31,1.1,22,84,113
2014-09-09,76,"良",56,93,43,1.1,23,107,120
2014-09-10,80,"良",57,109,37,1.2,22,87,120
2014-09-11,76,"良",53,102,27,1.2,23,67,144
2014-09-12,27,"优",16,27,11,0.9,16,52,9
2014-09-13,49,"优",25,49,21,1.1,23,37,80
2014-09-14,64,"良",38,78,28,1.2,21,25,129
2014-09-15,38,"优",18,38,21,0.8,18,38,30
2014-09-16,49,"优",20,49,22,0.9,19,29,80
2014-09-17,38,"优",20,38,17,1,23,25,58
2014-09-18,48,"优",21,48,20,1,20,52,64
2014-09-19,89,"良",58,129,68,1.4,33,72,151
2014-09-20,115,"轻度污染",87,163,65,1.7,36,92,174
2014-09-21,98,"良",70,147,35,1.4,31,104,162
2014-09-22,100,"良",75,140,26,1.4,28,79,164
2014-09-23,87,"良",64,103,45,1.3,35,44,155
2014-09-24,64,"良",46,78,35,1.2,29,74,104
2014-09-25,80,"良",53,110,31,1.2,32,67,98
2014-09-26,98,"良",73,146,59,1.3,33,80,121
2014-09-27,82,"良",40,114,28,1,33,55,88
2014-09-28,86,"良",53,121,23,1.3,33,27,126
2014-09-29,59,"良",35,68,20,1.1,23,61,92
2014-09-30,52,"良",25,54,17,1.2,24,58,95
2014-10-01,81,"良",57,113,41,1.4,30,23,146
2014-10-02,81,"良",56,113,45,1.3,27,58,118
2014-10-03,85,"良",49,120,34,1.2,27,60,125
2014-10-04,65,"良",37,80,20,1.1,24,55,72
2014-10-05,54,"良",18,58,23,0.9,22,49,26
2014-10-06,84,"良",56,119,46,1.2,34,76,118
2014-10-07,159,"中度污染",121,214,61,1.6,42,75,173
2014-10-08,210,"重度污染",160,296,74,2,49,66,175
2014-10-09,207,"重度污染",157,265,44,1.9,37,80,172
2014-10-10,261,"重度污染",211,302,27,1.9,31,81,180
2014-10-11,193,"中度污染",145,209,49,1.5,28,73,177
2014-10-12,29,"优",9,29,16,0.8,13,44,12
2014-10-13,58,"良",32,66,36,1.1,25,36,67
2014-10-14,84,"良",61,119,71,1.5,36,44,98
2014-10-15,92,"良",52,134,50,1.3,30,53,57
2014-10-16,99,"良",54,148,64,1.4,39,47,102
2014-10-17,117,"轻度污染",83,184,79,1.6,46,54,121
2014-10-18,102,"轻度污染",59,153,51,1.6,47,47,82
2014-10-19,197,"中度污染",148,304,105,2.2,62,33,182
2014-10-20,141,"轻度污染",108,223,50,2,48,20,156
2014-10-21,242,"重度污染",192,320,61,2.1,47,61,190
2014-10-22,225,"重度污染",175,277,86,2.4,55,28,185
2014-10-23,203,"重度污染",153,252,85,2.5,51,36,179
2014-10-24,198,"中度污染",148,256,93,2.4,56,40,174
2014-10-25,148,"轻度污染",114,228,89,2.3,59,43,164
2014-10-26,94,"良",58,138,46,1.5,33,58,86
2014-10-27,70,"良",32,91,30,1.3,29,51,67
2014-10-28,101,"轻度污染",70,153,58,1.8,45,40,147
2014-10-29,137,"轻度污染",105,187,63,1.9,45,18,165
2014-10-30,139,"轻度污染",106,160,73,2.1,43,10,160
2014-10-31,154,"中度污染",118,174,80,2.3,37,10,156
2014-11-01,42,"优",19,42,44,1.3,18,46,25
2014-11-02,35,"优",11,35,40,1.2,16,43,14
2014-11-03,84,"良",62,114,153,1.9,40,29,156
2014-11-04,154,"中度污染",118,220,225,2.1,52,26,186
2014-11-05,117,"轻度污染",88,152,146,1.3,39,36,139
2014-11-06,65,"良",32,79,82,0.8,30,35,53
2014-11-07,74,"良",54,97,84,1.1,37,25,114
2014-11-08,104,"轻度污染",78,109,104,1.3,36,23,159
2014-11-09,120,"轻度污染",91,139,118,1.5,38,25,141
2014-11-10,189,"中度污染",142,211,217,2.2,48,13,160
2014-11-11,168,"中度污染",127,180,181,1.9,33,35,159
2014-11-12,31,"优",11,31,39,0.7,16,44,11
2014-11-13,63,"良",40,77,122,1.1,36,27,65
2014-11-14,76,"良",49,102,135,1.4,39,24,71
2014-11-15,98,"良",73,141,204,1.6,43,26,105
2014-11-16,55,"良",27,60,58,0.8,24,42,19
2014-11-17,96,"良",72,133,153,1.5,40,23,94
2014-11-18,156,"中度污染",119,216,213,2.2,51,20,171
2014-11-19,220,"重度污染",170,284,250,2.7,64,25,182
2014-11-20,194,"中度污染",146,236,165,2.1,48,37,168
2014-11-21,119,"轻度污染",90,168,182,1.9,48,24,96
2014-11-22,139,"轻度污染",106,177,133,1.7,46,24,104
2014-11-23,281,"重度污染",231,324,197,2.8,64,17,184
2014-11-24,183,"中度污染",138,193,157,2.3,47,18,171
2014-11-25,210,"重度污染",160,221,238,2.7,52,15,180
2014-11-26,150,"轻度污染",115,158,160,2.2,37,17,164
2014-11-27,157,"中度污染",120,174,143,2.3,38,15,169
2014-11-28,146,"轻度污染",112,174,172,2.2,46,22,181
2014-11-29,124,"轻度污染",95,137,152,2.2,45,15,147
2014-11-30,67,"良",42,84,61,1.4,22,45,113
2014-12-01,59,"良",24,68,52,1.2,20,36,52
2014-12-02,69,"良",43,88,111,1.6,30,12,111
2014-12-03,56,"良",20,62,37,1.1,14,37,48
2014-12-04,49,"优",18,49,51,1.1,15,37,56
2014-12-05,127,"轻度污染",97,149,191,2,40,24,178
2014-12-06,179,"中度污染",135,218,244,2.6,44,16,176
2014-12-07,78,"良",41,107,55,1.4,19,40,67
2014-12-08,102,"轻度污染",73,154,136,2,37,22,103
2014-12-09,178,"中度污染",135,220,180,2.4,46,9,176
2014-12-10,86,"良",36,121,39,1.3,12,37,87
2014-12-11,67,"良",32,84,64,1.5,18,35,72
2014-12-12,52,"良",19,54,45,1.4,13,34,25
2014-12-13,142,"轻度污染",109,172,232,2.6,38,20,185
2014-12-14,203,"重度污染",153,246,261,3.1,47,13,181
2014-12-15,90,"良",52,130,78,1.9,16,31,54
2014-12-16,62,"良",21,73,59,1.6,15,32,68
2014-12-17,92,"良",68,126,168,2,32,22,153
2014-12-18,254,"重度污染",204,301,387,3.3,60,10,186
2014-12-19,125,"轻度污染",95,158,139,2.1,29,32,160
2014-12-20,68,"良",44,86,98,1.6,27,21,77
2014-12-21,52,"良",24,54,60,1.3,15,28,26
2014-12-22,171,"中度污染",130,199,285,2.7,42,18,186
2014-12-23,261,"重度污染",211,307,348,3.6,55,10,187
2014-12-24,112,"轻度污染",84,138,136,2.2,37,15,88
2014-12-25,116,"轻度污染",87,152,155,2.3,37,17,123
2014-12-26,213,"重度污染",163,247,270,3,49,10,175
2014-12-27,306,"严重污染",256,370,301,3.8,57,13,186
2014-12-28,115,"轻度污染",87,135,169,2.6,33,33,92
2014-12-29,106,"轻度污染",79,138,254,3,43,18,78
2014-12-30,97,"良",72,139,143,2.7,29,36,76
2014-12-31,59,"良",18,69,42,1.7,14,34,84
2015-01-01,108,"轻度污染",82,133,244,3,39,17,285
2015-01-02,136,"轻度污染",104,164,332,3.7,49,12,308
2015-01-03,223,"重度污染",173,249,429,4.6,64,12,342
2015-01-04,111,"轻度污染",84,129,215,3.2,53,15,124
2015-01-05,129,"轻度污染",98,155,227,3.4,44,22,178
2015-01-06,61,"良",35,72,120,2.4,32,21,124
2015-01-07,130,"轻度污染",99,152,259,3.5,50,12,328
2015-01-08,114,"轻度污染",86,141,235,3.4,41,28,242
2015-01-09,88,"良",66,124,197,3.1,40,22,137
2015-01-10,128,"轻度污染",97,157,268,3.6,52,14,223
2015-01-11,116,"轻度污染",88,144,226,3.5,50,18,210
2015-01-12,126,"轻度污染",96,147,178,3.5,51,16,271
2015-01-13,184,"中度污染",139,200,170,3.4,54,29,329
2015-01-14,203,"重度污染",153,212,214,3.1,60,18,325
2015-01-15,171,"中度污染",130,183,155,2.7,49,14,284
2015-01-16,54,"良",32,58,65,1.7,26,33,36
2015-01-17,83,"良",61,103,157,2.1,42,19,141
2015-01-18,54,"良",25,59,47,1.3,17,43,43
2015-01-19,105,"轻度污染",79,122,204,2.4,47,26,238
2015-01-20,93,"良",70,118,163,2.4,40,38,177
2015-01-21,49,"优",23,49,62,1.3,24,35,32
2015-01-22,99,"良",74,115,202,2.1,50,25,181
2015-01-23,132,"轻度污染",101,155,240,2.6,63,19,204
2015-01-24,106,"轻度污染",79,125,124,1.9,48,26,148
2015-01-25,204,"重度污染",154,199,168,2.7,55,18,287
2015-01-26,184,"中度污染",139,183,141,2.6,44,32,257
2015-01-27,45,"优",23,45,71,1.4,27,33,52
2015-01-28,59,"良",42,66,102,1.6,37,26,202
2015-01-29,100,"良",75,101,153,2.1,36,33,297
2015-01-30,51,"良",32,52,73,1.5,27,36,95
2015-01-31,63,"良",45,68,116,1.8,40,29,158
2015-02-01,120,"轻度污染",91,126,173,2.4,48,37,288
2015-02-02,148,"轻度污染",113,151,142,2.7,53,27,294
2015-02-03,202,"重度污染",152,197,222,3.2,55,24,317
2015-02-04,50,"优",32,51,68,1.6,27,39,56
2015-02-05,51,"良",34,53,94,1.8,34,35,45
2015-02-06,96,"良",72,109,175,2.4,50,22,210
2015-02-07,64,"良",46,77,91,2,31,43,77
2015-02-08,54,"良",30,59,103,1.7,34,35,71
2015-02-09,103,"轻度污染",78,117,210,2.7,53,30,275
2015-02-10,115,"轻度污染",87,129,200,2.7,51,50,238
2015-02-11,63,"良",35,75,62,1.7,24,53,63
2015-02-12,78,"良",49,105,115,2.1,36,37,132
2015-02-13,91,"良",68,119,155,2.5,43,42,179
2015-02-14,130,"轻度污染",99,151,237,3.2,60,34,227
2015-02-15,117,"轻度污染",89,142,153,2.9,44,45,228
2015-02-16,66,"良",27,82,54,1.8,18,53,70
2015-02-17,57,"良",33,64,96,2.2,27,50,67
2015-02-18,69,"良",51,87,70,2.2,22,58,117
2015-02-19,114,"轻度污染",86,125,81,2.5,27,52,202
2015-02-20,164,"中度污染",125,153,126,2.9,35,23,352
2015-02-21,135,"轻度污染",103,149,141,2.8,30,56,319
2015-02-22,57,"良",22,64,51,1.9,15,55,106
2015-02-23,78,"良",57,94,133,2.5,36,36,193
2015-02-24,126,"轻度污染",96,146,201,3.2,44,31,320
2015-02-25,64,"良",25,78,40,1.9,13,51,185
2015-02-26,38,"优",19,38,55,2.1,17,45,57
2015-02-27,63,"良",45,68,60,2.3,22,39,254
2015-02-28,76,"良",56,73,102,2.6,26,47,293
2015-03-01,59,"良",35,68,118,2.5,27,48,166
2015-03-02,71,"良",50,93,122,2.7,30,47,169
2015-03-03,54,"良",16,58,36,1.9,11,48,95
2015-03-04,47,"优",23,47,84,2.4,30,36,98
2015-03-05,93,"良",69,99,134,2.7,37,46,314
2015-03-06,154,"中度污染",117,152,174,3.1,42,55,350
2015-03-07,141,"轻度污染",108,153,182,2.9,54,49,338
2015-03-08,100,"良",75,127,137,2.6,42,49,281
2015-03-09,50,"优",19,51,34,1.8,17,51,75
2015-03-10,56,"良",32,63,82,2.2,33,44,141
2015-03-11,58,"良",33,65,77,2.2,32,53,120
2015-03-12,71,"良",48,93,126,2.5,41,49,162
2015-03-13,60,"良",30,71,65,2.2,34,54,120
2015-03-14,78,"良",50,106,90,2.4,39,55,143
2015-03-15,95,"良",50,139,81,2.3,37,58,181
2015-03-16,135,"轻度污染",103,179,116,2.8,46,76,296
2015-03-17,94,"良",70,138,42,2.5,28,76,258
2015-03-18,177,"中度污染",134,219,94,3.2,55,67,359
2015-03-19,116,"轻度污染",88,154,84,2.9,45,53,311
2015-03-20,74,"良",42,98,60,2.3,31,63,177
2015-03-21,75,"良",30,99,47,1.9,30,69,172
2015-03-22,71,"良",26,93,40,1.9,29,51,117
2015-03-23,86,"良",30,123,46,1.9,31,55,280
2015-03-24,81,"良",49,112,72,1.9,39,59,258
2015-03-25,103,"轻度污染",78,143,49,2,33,65,319
2015-03-26,80,"良",59,95,53,1.8,34,75,235
2015-03-27,109,"轻度污染",94,128,87,2.1,44,71,295
2015-03-28,98,"良",73,136,82,2.1,40,69,236
2015-03-29,91,"良",52,132,63,1.9,40,87,185
2015-03-30,105,"轻度污染",79,154,52,2,38,91,275
2015-03-31,138,"轻度污染",106,185,29,2.3,26,75,333
2015-04-01,42,"优",22,42,11,2,18,56,48
2015-04-02,70,"良",51,71,28,2.4,31,43,253
2015-04-03,62,"良",45,68,20,1.9,26,48,158
2015-04-04,103,"轻度污染",77,104,21,2.1,29,37,297
2015-04-05,50,"优",19,50,12,1.4,15,65,90
2015-04-06,50,"优",22,50,20,1.5,21,47,128
2015-04-07,61,"良",39,71,28,1.6,29,61,241
2015-04-08,115,"轻度污染",87,124,30,2,33,52,338
2015-04-09,53,"良",33,57,17,1.7,25,61,100
2015-04-10,64,"良",38,78,32,1.8,39,65,161
2015-04-11,73,"良",36,96,28,1.7,34,66,171
2015-04-12,66,"良",20,81,9,1.4,9,60,145
2015-04-13,59,"良",29,67,17,1.6,21,71,94
2015-04-14,98,"良",73,139,51,2,48,77,298
2015-04-15,148,"轻度污染",95,245,66,1.7,40,72,331
2015-04-16,129,"轻度污染",50,208,17,1.2,19,58,299
2015-04-17,107,"轻度污染",55,164,38,1.5,35,64,234
2015-04-18,114,"轻度污染",66,179,31,1.5,38,53,304
2015-04-19,66,"良",37,82,17,1.3,22,52,213
2015-04-20,96,"良",70,142,35,1.5,36,71,337
2015-04-21,100,"良",63,150,32,1.5,35,66,325
2015-04-22,86,"良",45,123,36,1.4,34,69,259
2015-04-23,94,"良",52,138,43,1.5,38,86,268
2015-04-24,85,"良",41,120,23,1.3,33,77,221
2015-04-25,85,"良",51,119,40,1.5,45,87,186
2015-04-26,80,"良",44,111,32,1.4,43,83,137
2015-04-27,81,"良",60,111,36,1.4,34,98,159
2015-04-28,100,"良",66,151,16,1.2,24,80,281
2015-04-29,120,"轻度污染",90,190,29,1.5,38,125,320
2015-04-30,112,"轻度污染",77,173,35,1.7,37,125,279
2015-05-01,91,"良",65,132,20,1.5,21,114,258
2015-05-02,76,"良",46,101,25,1.5,31,89,271
2015-05-03,96,"良",48,142,21,1.4,29,77,296
2015-05-04,69,"良",30,88,26,1.1,26,76,189
2015-05-05,105,"轻度污染",79,158,46,1.2,37,108,304
2015-05-06,89,"良",53,127,18,0.9,29,99,231
2015-05-07,97,"良",61,144,26,1,34,83,256
2015-05-08,80,"良",46,111,46,0.8,34,132,274
2015-05-09,78,"良",50,107,14,0.9,30,101,263
2015-05-10,54,"良",27,57,17,1.2,35,50,91
2015-05-11,52,"良",12,43,13,0.5,15,102,120
2015-05-12,73,"良",24,73,23,0.7,36,127,215
2015-05-13,98,"良",57,146,83,1.1,59,151,294
2015-05-14,112,"轻度污染",56,173,54,1,50,81,319
2015-05-15,96,"良",54,142,43,1,45,152,308
2015-05-16,115,"轻度污染",52,132,50,1,48,176,329
2015-05-17,111,"轻度污染",70,172,59,1.1,51,160,301
2015-05-18,68,"良",28,69,16,0.6,27,122,159
2015-05-19,56,"良",20,63,17,0.6,28,107,126
2015-05-20,68,"良",20,52,21,0.6,30,122,183
2015-05-21,68,"良",32,68,25,0.9,33,121,178
2015-05-22,94,"良",57,99,48,1.2,51,153,269
2015-05-23,105,"轻度污染",51,106,50,1.1,51,166,281
2015-05-24,146,"轻度污染",61,124,44,1.4,50,211,329
2015-05-25,134,"轻度污染",59,112,44,1.3,46,197,293
2015-05-26,151,"中度污染",66,124,81,1.4,50,216,322
2015-05-27,170,"中度污染",97,178,66,1.6,46,235,338
2015-05-28,160,"中度污染",122,210,50,1.9,44,205,344
2015-05-29,58,"良",33,63,15,1,33,110,145
2015-05-30,57,"良",23,55,28,1,40,108,146
2015-05-31,96,"良",42,85,69,1.3,51,155,246
2015-06-01,91,"良",44,106,67,1.3,55,149,219
2015-06-02,60,"良",20,69,18,0.8,33,101,184
2015-06-03,71,"良",31,91,31,1,40,124,275
2015-06-04,68,"良",32,87,24,1,27,104,224
2015-06-05,91,"良",48,132,43,1.2,45,112,272
2015-06-06,95,"良",47,140,63,1.3,54,120,268
2015-06-07,68,"良",33,85,20,1.2,33,117,210
2015-06-08,85,"良",45,92,46,1.4,42,142,290
2015-06-09,102,"轻度污染",41,102,65,1.4,36,162,287
2015-06-10,74,"良",28,97,18,1.1,27,117,221
2015-06-11,46,"优",14,46,12,1,15,91,89
2015-06-12,65,"良",26,79,29,1.2,33,103,176
2015-06-13,62,"良",13,38,15,1.1,21,114,176
2015-06-14,102,"轻度污染",26,65,27,1.3,34,162,297
2015-06-15,92,"良",66,126,48,1.8,40,150,261
2015-06-16,116,"轻度污染",78,134,59,1.8,40,178,307
2015-06-17,109,"轻度污染",60,113,34,1.8,39,170,300
2015-06-18,85,"良",23,56,19,1.2,34,142,274
2015-06-19,82,"良",35,100,36,1.3,45,138,277
2015-06-20,81,"良",44,107,19,1.3,26,137,252
2015-06-21,92,"良",68,123,50,1.6,38,121,264
2015-06-22,131,"轻度污染",64,106,35,1.7,37,194,334
2015-06-23,128,"轻度污染",92,153,26,1.8,40,191,332
2015-06-24,51,"良",25,50,21,1.2,26,101,172
2015-06-25,107,"轻度污染",72,130,29,1.6,39,168,354
2015-06-26,121,"轻度污染",92,159,44,1.6,39,182,351
2015-06-27,118,"轻度污染",90,145,31,1.5,23,173,338
2015-06-28,118,"轻度污染",89,136,20,1.3,22,141,336
2015-06-29,78,"良",57,82,9,1.2,26,93,295
2015-06-30,56,"良",40,61,15,1.1,28,105,212
2015-07-01,72,"良",30,74,30,1,43,126,263
2015-07-02,67,"良",19,68,21,0.8,39,120,222
2015-07-03,88,"良",19,61,22,0.8,37,146,290
2015-07-04,109,"轻度污染",42,101,58,1,36,170,330
2015-07-05,95,"良",63,133,57,1.1,38,154,305
2015-07-06,123,"轻度污染",93,155,25,1.1,27,163,349
2015-07-07,115,"轻度污染",87,134,24,1.3,31,170,330
2015-07-08,108,"轻度污染",81,128,19,1.1,26,152,298
2015-07-09,99,"良",48,91,26,0.9,33,159,293
2015-07-10,111,"轻度污染",84,138,40,1.1,37,155,328
2015-07-11,83,"良",61,101,31,1.2,35,131,261
2015-07-12,72,"良",48,91,24,1.1,40,126,205
2015-07-13,80,"良",45,110,51,1.1,75,119,193
2015-07-14,73,"良",40,96,29,0.9,46,115,164
2015-07-15,53,"良",26,57,10,0.8,22,84,95
2015-07-16,51,"良",23,38,7,0.7,15,101,93
2015-07-17,57,"良",41,58,13,1,22,83,164
2015-07-18,48,"优",24,40,13,0.9,21,96,87
2015-07-19,55,"良",37,60,19,0.9,20,98,121
2015-07-20,55,"良",31,59,18,0.9,23,96,108
2015-07-21,57,"良",34,64,20,0.9,25,90,126
2015-07-22,54,"良",29,58,17,0.9,27,85,136
2015-07-23,48,"优",21,48,17,0.8,29,84,142
2015-07-24,55,"良",21,60,23,0.9,37,81,158
2015-07-25,70,"良",29,72,26,1,38,123,193
2015-07-26,60,"良",33,70,19,0.9,27,96,142
2015-07-27,82,"良",60,107,19,1.2,24,103,253
2015-07-28,73,"良",53,92,18,1,25,99,256
2015-07-29,58,"良",31,65,14,1,32,68,170
2015-07-30,73,"良",43,95,21,1.1,28,100,259
2015-07-31,61,"良",36,71,8,1.1,18,63,219
2015-08-01,52,"良",26,53,10,1.1,24,66,133
2015-08-02,54,"良",29,54,11,0.9,41,104,133
2015-08-03,56,"良",37,61,15,1,39,77,168
2015-08-04,70,"良",29,89,17,0.9,30,78,239
2015-08-05,87,"良",64,117,29,1,29,78,285
2015-08-06,66,"良",36,81,20,0.8,31,81,197
2015-08-07,73,"良",48,96,14,0.9,24,83,253
2015-08-08,81,"良",56,111,12,0.8,25,62,295
2015-08-09,63,"良",40,76,14,0.8,27,73,249
2015-08-10,62,"良",34,73,16,0.7,28,68,254
2015-08-11,67,"良",33,84,21,0.8,38,50,247
2015-08-12,71,"良",40,91,22,0.8,38,68,223
2015-08-13,84,"良",55,117,30,0.9,36,103,236
2015-08-14,71,"良",48,92,14,0.8,26,72,207
2015-08-15,75,"良",48,100,29,0.9,38,76,237
2015-08-16,79,"良",46,108,33,0.9,42,90,233
2015-08-17,96,"良",57,141,29,0.9,46,79,247
2015-08-18,113,"轻度污染",76,176,38,1,36,107,333
2015-08-19,97,"良",72,140,47,1.1,36,112,338
2015-08-20,62,"良",25,74,25,0.8,43,80,218
2015-08-21,66,"良",25,82,25,0.9,44,92,194
2015-08-22,56,"良",19,62,21,0.7,35,78,116
2015-08-23,56,"良",20,62,22,0.8,34,97,117
2015-08-24,51,"良",19,52,15,0.8,31,100,108
2015-08-25,53,"良",24,56,15,0.9,30,91,104
2015-08-26,62,"良",31,73,20,1,40,78,135
2015-08-27,62,"良",26,74,20,0.9,35,79,143
2015-08-28,63,"良",27,76,22,0.9,33,90,155
2015-08-29,64,"良",35,78,25,1,32,107,168
2015-08-30,77,"良",56,102,20,1.1,24,93,226
2015-08-31,46,"优",27,46,12,0.9,23,74,85
2015-09-01,39,"优",14,28,16,0.8,24,77,60
2015-09-02,43,"优",11,28,16,0.8,25,86,93
2015-09-03,39,"优",12,38,20,0.8,23,78,87
2015-09-04,39,"优",21,39,11,0.9,20,66,80
2015-09-05,53,"良",32,56,22,1.1,26,80,197
2015-09-06,34,"优",12,26,12,1.1,27,54,32
2015-09-07,46,"优",17,42,17,1.2,34,92,69
2015-09-08,64,"良",38,78,20,1.4,33,98,179
2015-09-09,74,"良",54,74,13,1.5,31,70,230
2015-09-10,47,"优",32,47,12,1.3,32,76,121
2015-09-11,39,"优",18,39,16,1,23,60,66
2015-09-12,43,"优",13,43,16,0.7,27,66,91
2015-09-13,78,"良",36,105,38,1.2,46,47,274
2015-09-14,90,"良",51,129,34,1.3,36,86,306
2015-09-15,112,"轻度污染",84,156,24,1.3,34,112,338
2015-09-16,115,"轻度污染",87,158,35,1.5,52,97,345
2015-09-17,119,"轻度污染",90,162,34,1.4,44,106,340
2015-09-18,77,"良",56,98,22,1.1,38,92,209
2015-09-19,71,"良",37,91,28,1.1,42,82,211
2015-09-20,118,"轻度污染",89,176,50,1.4,48,113,345
2015-09-21,139,"轻度污染",106,191,36,1.4,46,123,357
2015-09-22,129,"轻度污染",98,162,31,1.4,45,76,355
2015-09-23,74,"良",54,92,36,1.3,48,39,278
2015-09-24,74,"良",50,98,57,1.2,46,96,280
2015-09-25,51,"良",20,52,22,0.8,38,75,144
2015-09-26,72,"良",44,93,43,1.1,50,91,250
2015-09-27,88,"良",65,113,41,1.3,46,115,287
2015-09-28,70,"良",51,78,16,1.1,24,68,248
2015-09-29,33,"优",19,28,11,1.2,26,59,34
2015-09-30,54,"良",37,57,18,1.2,40,31,186
2015-10-01,36,"优",13,36,15,0.6,15,56,33
2015-10-02,75,"良",40,99,47,1,41,66,199
2015-10-03,99,"良",68,148,70,1.4,53,70,276
2015-10-04,109,"轻度污染",82,162,70,1.5,56,77,312
2015-10-05,100,"良",71,149,60,1.5,57,82,296
2015-10-06,127,"轻度污染",96,198,79,1.8,70,71,329
2015-10-07,117,"轻度污染",88,145,62,1.6,48,85,340
2015-10-08,50,"优",15,50,24,0.8,25,47,146
2015-10-09,60,"良",25,70,47,1,32,59,204
2015-10-10,49,"优",16,49,16,0.8,28,46,147
2015-10-11,59,"良",26,68,34,1.1,39,55,181
2015-10-12,82,"良",41,114,50,1.4,48,48,236
2015-10-13,103,"轻度污染",64,155,67,1.7,62,49,259
2015-10-14,99,"良",74,147,61,1.6,54,35,188
2015-10-15,83,"良",52,116,60,1.7,51,64,128
2015-10-16,99,"良",55,148,53,1.8,63,78,175
2015-10-17,144,"轻度污染",108,238,73,2.2,82,58,310
2015-10-18,124,"轻度污染",94,182,45,1.9,53,63,313
2015-10-19,190,"中度污染",143,235,52,2.6,64,79,356
2015-10-20,165,"中度污染",125,206,40,2.3,58,78,342
2015-10-21,104,"轻度污染",78,127,29,2,42,61,262
2015-10-22,44,"优",19,33,20,1.8,30,21,25
2015-10-23,82,"良",60,83,30,2.5,47,17,163
2015-10-24,63,"良",43,76,38,1.7,40,16,107
2015-10-25,39,"优",14,25,15,1.2,31,38,18
2015-10-26,52,"良",19,53,21,1.2,29,47,86
2015-10-27,84,"良",40,117,56,1.6,38,48,330
2015-10-28,98,"良",55,145,57,1.7,45,35,325
2015-10-29,74,"良",35,98,41,1.4,36,42,254
2015-10-30,91,"良",55,132,58,1.7,43,39,338
2015-10-31,127,"轻度污染",96,197,166,2.3,52,18,345
2015-11-01,115,"轻度污染",87,180,167,2.3,47,28,324
2015-11-02,123,"轻度污染",93,187,164,2.4,47,29,299
2015-11-03,135,"轻度污染",94,220,156,2.2,58,40,309
2015-11-04,163,"中度污染",124,233,201,2.4,73,12,335
2015-11-05,145,"轻度污染",111,173,76,1.6,43,58,328
2015-11-06,40,"优",13,22,30,1,32,22,83
2015-11-07,92,"良",68,88,109,1.5,44,14,316
2015-11-08,142,"轻度污染",108,144,169,2.1,52,22,329
2015-11-09,77,"良",56,100,103,1.6,45,30,181
2015-11-10,97,"良",72,137,123,1.7,48,26,260
2015-11-11,77,"良",55,97,103,1.3,51,30,203
2015-11-12,83,"良",61,100,103,1.6,46,21,221
2015-11-13,114,"轻度污染",86,123,135,1.4,47,12,292
2015-11-14,178,"中度污染",134,195,192,2,49,23,340
2015-11-15,100,"良",75,118,95,1.5,35,40,262
2015-11-16,69,"良",50,79,80,2,45,34,212
2015-11-17,75,"良",55,95,85,1.8,39,10,275
2015-11-18,66,"良",43,62,81,1.6,46,12,275
2015-11-19,152,"中度污染",116,169,187,2.4,56,25,361
2015-11-20,112,"轻度污染",84,124,108,1.8,37,16,336
2015-11-21,55,"良",34,56,59,1.4,21,6,111
2015-11-22,42,"优",13,23,42,1,22,8,64
2015-11-23,49,"优",26,40,49,1,20,23,170
2015-11-24,62,"良",41,70,74,0.9,26,30,276
2015-11-25,77,"良",44,68,104,1,20,52,304
2015-11-26,78,"良",36,58,105,1,30,41,306
2015-11-27,138,"轻度污染",105,147,154,1.9,30,17,336
2015-11-28,220,"重度污染",170,232,161,2.8,48,18,351
2015-11-29,129,"轻度污染",98,141,111,2,42,20,273
2015-11-30,133,"轻度污染",101,165,116,2,40,10,267
2015-12-01,185,"中度污染",139,226,88,1.9,28,53,320
2015-12-02,60,"良",11,69,15,0.4,7,48,131
2015-12-03,37,"优",9,37,16,0.5,9,45,46
2015-12-04,63,"良",41,76,64,0.9,26,34,174
2015-12-05,98,"良",73,140,98,1.5,33,14,262
2015-12-06,139,"轻度污染",106,187,146,1.7,39,6,309
2015-12-07,185,"中度污染",139,230,129,1.9,40,9,315
2015-12-08,256,"重度污染",206,299,147,2.4,46,10,342
2015-12-09,285,"重度污染",235,309,163,2.6,42,7,343
2015-12-10,213,"重度污染",163,225,134,1.7,42,20,317
2015-12-11,99,"良",74,119,59,1.1,34,27,220
2015-12-12,148,"轻度污染",113,180,102,1.6,40,21,297
2015-12-13,301,"严重污染",251,360,193,2.7,45,5,359
2015-12-14,41,"优",21,41,28,0.7,11,52,40
2015-12-15,41,"优",12,41,23,0.7,12,43,59
2015-12-16,38,"优",15,38,26,0.7,15,38,46
2015-12-17,118,"轻度污染",89,155,128,1.7,36,15,354
2015-12-18,143,"轻度污染",109,192,134,2.1,41,12,338
2015-12-19,129,"轻度污染",98,166,115,1.9,44,14,268
2015-12-20,233,"重度污染",183,268,232,2.8,53,12,330
2015-12-21,137,"轻度污染",104,154,130,2.1,48,15,208
2015-12-22,190,"中度污染",143,202,175,2.4,54,6,257
2015-12-23,180,"中度污染",136,197,155,2.3,55,22,234
2015-12-24,165,"中度污染",125,186,132,2.1,44,44,284
2015-12-25,69,"良",33,80,88,1.2,37,53,121
2015-12-26,108,"轻度污染",81,166,136,2.1,50,25,221
2015-12-27,98,"良",73,129,52,2.1,42,21,250
2015-12-28,220,"重度污染",170,259,202,3.1,59,10,354
2015-12-29,220,"重度污染",170,252,199,2.9,60,27,333
2015-12-30,64,"良",34,67,77,1.3,38,37,84
2015-12-31,112,"轻度污染",84,142,142,2.5,48,10,166
2016-01-01,225,"重度污染",175,265,284,3.9,73,6,338
2016-01-02,247,"重度污染",197,283,267,4.1,81,9,326
2016-01-03,195,"中度污染",146,215,188,3.4,65,22,269
2016-01-04,98,"良",73,122,117,2.4,52,21,176
2016-01-05,79,"良",58,95,86,1.9,44,22,211
2016-01-06,43,"优",19,43,38,1.3,26,48,50
2016-01-07,56,"良",28,61,61,1.5,37,31,115
2016-01-08,76,"良",51,93,102,2,44,26,169
2016-01-09,103,"轻度污染",77,128,163,2.7,52,17,193
2016-01-10,119,"轻度污染",90,149,161,2.9,55,17,240
2016-01-11,56,"良",31,62,52,1.7,35,33,141
2016-01-12,60,"良",31,62,70,1.7,37,29,176
2016-01-13,84,"良",47,90,117,2.1,38,34,208
2016-01-14,79,"良",39,77,107,2,37,42,160
2016-01-15,106,"轻度污染",74,125,185,2.6,52,29,207
2016-01-16,107,"轻度污染",80,140,184,2.9,55,20,215
2016-01-17,46,"优",13,46,28,1.4,17,56,61
2016-01-18,37,"优",10,37,23,1.4,15,62,12
2016-01-19,94,"良",42,76,138,2.2,44,36,191
2016-01-20,105,"轻度污染",78,126,181,2.7,56,12,284
2016-01-21,109,"轻度污染",82,131,147,2.7,44,29,299
2016-01-22,46,"优",14,46,24,1.5,14,56,110
2016-01-23,46,"优",10,46,12,1.4,8,56,95
2016-01-24,57,"良",24,58,63,1.8,23,50,177
2016-01-25,87,"良",50,87,123,2.5,38,37,299
2016-01-26,82,"良",46,79,113,2.4,41,41,233
2016-01-27,104,"轻度污染",73,118,171,3.2,53,23,244
2016-01-28,115,"轻度污染",87,134,177,3.4,60,19,257
2016-01-29,133,"轻度污染",101,150,106,3.3,61,21,295
2016-01-30,128,"轻度污染",97,132,84,3.1,45,13,302
2016-01-31,53,"良",24,41,55,2.1,25,45,114
2016-02-01,69,"良",42,67,88,2.5,34,40,159
2016-02-02,86,"良",53,82,121,2.7,41,35,157
2016-02-03,101,"轻度污染",68,102,156,3,49,28,188
2016-02-04,72,"良",42,71,94,2.5,35,51,143
2016-02-05,46,"优",10,35,24,1.8,11,65,61
2016-02-06,57,"良",22,46,63,2.2,20,66,90
2016-02-07,63,"良",32,56,76,2.4,23,68,69
2016-02-08,107,"轻度污染",80,123,157,3.1,36,63,104
2016-02-09,96,"良",54,81,141,2.9,37,56,230
2016-02-10,104,"轻度污染",78,111,115,3.1,45,61,258
2016-02-11,138,"轻度污染",105,139,93,3.3,44,35,285
2016-02-12,158,"中度污染",120,150,92,3.5,37,17,306
2016-02-13,52,"良",7,16,21,2.1,9,56,162
2016-02-14,49,"优",5,14,18,2,7,65,249
2016-02-15,49,"优",8,17,26,1.9,10,66,194
2016-02-16,44,"优",12,25,39,1.7,16,65,84
2016-02-17,72,"良",31,49,94,1.6,30,53,238
2016-02-18,56,"良",28,61,61,1.3,27,57,65
2016-02-19,128,"轻度污染",46,206,16,0.9,9,68,296
2016-02-20,56,"良",20,61,36,1.1,16,64,95
2016-02-21,87,"良",49,81,123,1.8,43,26,179
2016-02-22,102,"轻度污染",69,121,160,2.2,37,53,260
2016-02-23,42,"优",18,39,42,1.3,23,56,70
2016-02-24,53,"良",21,40,55,1.4,26,65,107
2016-02-25,63,"良",26,55,76,1.7,30,61,132
2016-02-26,61,"良",22,51,72,1.6,31,63,137
2016-02-27,73,"良",33,74,95,1.9,37,53,192
2016-02-28,35,"优",11,33,25,1.3,17,70,7
2016-02-29,61,"良",29,57,71,1.7,38,53,123
2016-03-01,83,"良",60,111,115,2.3,49,59,179
2016-03-02,83,"良",57,107,115,2.2,46,72,122
2016-03-03,102,"轻度污染",76,144,114,2.3,57,79,204
2016-03-04,104,"轻度污染",43,158,68,1.8,31,71,185
2016-03-05,118,"轻度污染",41,186,29,1.4,18,70,196
2016-03-06,101,"轻度污染",53,151,84,1.9,39,60,168
2016-03-07,72,"良",30,94,36,1.6,28,71,125
2016-03-08,74,"良",32,98,32,1.6,29,52,266
2016-03-09,57,"良",27,63,27,1.5,21,52,249
2016-03-10,47,"优",15,47,21,1.3,14,63,147
2016-03-11,65,"良",41,80,62,1.8,31,61,173
2016-03-12,103,"轻度污染",77,138,106,2.2,53,30,277
2016-03-13,64,"良",26,77,33,1.5,25,66,132
2016-03-14,83,"良",50,116,76,2,42,58,189
2016-03-15,158,"中度污染",120,216,93,2.1,47,91,344
2016-03-16,185,"中度污染",139,207,88,2.1,52,105,333
2016-03-17,160,"中度污染",122,203,125,2.3,66,70,302
2016-03-18,116,"轻度污染",85,182,77,2,53,93,218
2016-03-19,200,"中度污染",150,283,51,1.9,48,128,342
2016-03-20,153,"中度污染",117,209,56,1.5,43,83,341
2016-03-21,170,"中度污染",129,218,67,1.5,53,131,359
2016-03-22,153,"中度污染",117,183,53,1.6,55,86,356
2016-03-23,107,"轻度污染",80,116,54,1.3,43,58,339
2016-03-24,84,"良",62,101,67,1.2,40,48,322
2016-03-25,56,"良",33,61,36,0.9,23,62,97
2016-03-26,55,"良",18,59,39,0.8,24,67,43
2016-03-27,85,"良",37,95,119,1.1,34,70,236
2016-03-28,88,"良",46,119,126,1.2,41,60,212
2016-03-29,80,"良",26,109,51,0.9,30,75,168
2016-03-30,88,"良",39,125,80,1.3,39,95,207
2016-03-31,97,"良",48,144,85,1.2,36,121,240
2016-04-01,90,"良",29,129,18,0.8,19,93,198
2016-04-02,76,"良",23,102,18,0.9,21,73,172
2016-04-03,53,"良",25,56,21,1,24,58,109
2016-04-04,95,"良",71,122,85,1.5,39,97,333
2016-04-05,83,"良",58,115,55,1.3,46,102,276
2016-04-06,109,"轻度污染",80,167,89,1.7,47,80,317
2016-04-07,89,"良",39,127,37,1.1,30,95,288
2016-04-08,55,"良",13,60,27,0.8,29,78,107
2016-04-09,87,"良",33,124,58,1,42,102,249
2016-04-10,97,"良",36,144,37,1,37,106,285
2016-04-11,120,"轻度污染",55,190,39,1.3,30,144,327
2016-04-12,69,"良",37,87,25,1,27,97,186
2016-04-13,85,"良",36,119,53,1,34,90,202
2016-04-14,86,"良",33,121,27,0.8,28,106,214
2016-04-15,89,"良",42,128,25,1,31,95,254
2016-04-16,55,"良",18,59,10,0.7,19,72,130
2016-04-17,63,"良",16,75,11,0.6,22,85,204
2016-04-18,69,"良",26,88,20,0.8,27,80,236
2016-04-19,99,"良",64,147,40,1.2,42,71,340
2016-04-20,101,"轻度污染",62,152,34,1,35,88,322
2016-04-21,107,"轻度污染",56,163,41,0.9,33,96,284
2016-04-22,99,"良",42,147,19,0.7,33,96,260
2016-04-23,120,"轻度污染",62,189,35,1,42,86,328
2016-04-24,123,"轻度污染",76,196,59,1.1,44,128,331
2016-04-25,114,"轻度污染",77,178,44,1.1,32,136,338
2016-04-26,89,"良",61,127,18,1.1,24,110,292
2016-04-27,82,"良",59,113,16,1.1,26,80,263
2016-04-28,72,"良",36,65,18,1,32,126,150
2016-04-29,99,"良",71,148,63,1.2,44,128,243
2016-04-30,111,"轻度污染",80,171,51,1.2,42,110,294
2016-05-01,105,"轻度污染",62,159,47,1.1,42,144,267
2016-05-02,85,"良",37,120,8,0.6,10,82,265
2016-05-03,62,"良",28,73,13,0.7,22,92,128
2016-05-04,101,"轻度污染",62,152,59,1.1,46,121,295
2016-05-05,103,"轻度污染",51,155,24,1,32,84,304
2016-05-06,111,"轻度污染",39,172,19,0.7,24,76,281
2016-05-07,87,"良",43,124,53,0.9,34,73,265
2016-05-08,80,"良",53,110,78,1.2,36,124,303
2016-05-09,97,"良",72,133,69,1.3,32,93,347
2016-05-10,82,"良",56,113,33,1.2,42,132,228
2016-05-11,99,"良",56,133,61,1.2,38,158,197
2016-05-12,79,"良",32,107,16,0.7,24,121,141
2016-05-13,83,"良",42,115,43,1.1,42,98,255
2016-05-14,93,"良",69,88,52,1.4,45,45,306
2016-05-15,54,"良",21,57,16,0.9,31,81,164
2016-05-16,89,"良",44,127,77,1.1,55,116,299
2016-05-17,83,"良",42,113,51,1,53,139,156
2016-05-18,82,"良",45,113,39,1,42,133,146
2016-05-19,98,"良",71,134,32,1.2,34,157,221
2016-05-20,97,"良",43,93,28,1,25,156,278
2016-05-21,88,"良",56,125,25,1,32,142,269
2016-05-22,81,"良",55,111,23,0.9,26,133,270
2016-05-23,67,"良",38,79,20,0.8,25,120,172
2016-05-24,55,"良",22,59,34,0.7,30,95,95
2016-05-25,53,"良",19,55,33,0.6,29,72,103
2016-05-26,83,"良",46,116,57,1,47,102,277
2016-05-27,87,"良",60,124,62,1.2,41,82,289
2016-05-28,72,"良",40,93,32,1,44,108,240
2016-05-29,100,"良",63,150,54,1.1,44,130,296
2016-05-30,108,"轻度污染",69,165,43,1,46,141,272
2016-05-31,130,"轻度污染",79,209,36,1.1,46,107,341
2016-06-01,93,"良",39,136,22,1.1,32,143,310
2016-06-02,126,"轻度污染",85,178,50,1.5,39,188,343
2016-06-03,114,"轻度污染",86,141,40,1.5,44,109,330
2016-06-04,93,"良",69,108,27,1.4,47,94,274
2016-06-05,87,"良",64,99,15,1.5,43,107,250
2016-06-06,126,"轻度污染",54,102,22,1.4,42,188,336
2016-06-07,89,"良",65,108,17,1.6,42,146,265
2016-06-08,108,"轻度污染",52,96,24,1.3,44,168,306
2016-06-09,122,"轻度污染",58,127,60,1.3,48,184,322
2016-06-10,90,"良",45,96,38,1,34,148,288
2016-06-11,57,"良",20,64,27,0.7,33,92,165
2016-06-12,68,"良",30,85,36,0.9,38,117,223
2016-06-13,92,"良",32,82,26,1.1,34,150,270
2016-06-14,59,"良",29,68,17,0.8,20,92,147
2016-06-15,51,"良",11,39,11,0.7,24,101,129
2016-06-16,81,"良",28,86,32,1,47,137,193
2016-06-17,100,"良",45,136,56,1.3,58,160,245
2016-06-18,131,"轻度污染",40,102,24,1.2,34,194,325
2016-06-19,107,"轻度污染",44,98,19,1.4,33,167,313
2016-06-20,97,"良",47,86,21,1.5,44,156,300
2016-06-21,61,"良",33,72,16,1.2,42,111,193
2016-06-22,84,"良",34,92,22,1.2,44,140,286
2016-06-23,51,"良",19,51,12,1,30,91,159
2016-06-24,53,"良",20,55,15,0.9,36,101,186
2016-06-25,65,"良",21,63,18,0.8,40,118,231
2016-06-26,115,"轻度污染",51,134,54,1.2,53,176,315
2016-06-27,90,"良",60,130,44,1.2,53,128,267
2016-06-28,91,"良",62,132,26,1,41,114,294
2016-06-29,100,"良",61,117,22,1.2,44,160,323
2016-06-30,86,"良",56,112,18,1.3,43,143,302
2016-07-01,83,"良",46,85,15,1.1,36,139,304
2016-07-02,100,"良",47,69,15,1.2,29,159,310
2016-07-03,92,"良",59,93,14,1.3,32,150,292
2016-07-04,97,"良",72,113,13,1.3,29,119,305
2016-07-05,85,"良",61,104,11,1.1,28,142,273
2016-07-06,98,"良",73,120,16,1,27,155,299
2016-07-07,108,"轻度污染",69,109,19,1,24,168,326
2016-07-08,88,"良",65,104,11,1.1,34,123,315
2016-07-09,57,"良",38,63,7,0.9,36,57,198
2016-07-10,74,"良",29,57,15,0.9,33,128,272
2016-07-11,109,"轻度污染",82,134,35,1.3,48,110,341
2016-07-12,62,"良",28,53,15,0.8,29,114,217
2016-07-13,68,"良",25,70,23,0.7,36,121,244
2016-07-14,47,"优",21,47,10,0.8,28,85,146
2016-07-15,57,"良",23,40,15,0.8,35,108,227
2016-07-16,55,"良",38,60,18,1,43,98,164
2016-07-17,88,"良",33,62,18,0.9,31,145,262
2016-07-18,98,"良",73,118,15,1.2,38,105,312
2016-07-19,50,"优",18,40,5,1,20,99,147
2016-07-20,46,"优",32,37,7,1.1,32,90,159
2016-07-21,50,"优",29,50,11,1,37,76,172
2016-07-22,105,"轻度污染",72,133,26,1.4,44,165,338
2016-07-23,84,"良",54,93,24,1.2,39,140,271
2016-07-24,74,"良",52,98,11,1.2,37,124,235
2016-07-25,47,"优",29,47,12,0.9,24,75,77
2016-07-26,72,"良",26,64,15,0.8,36,126,204
2016-07-27,98,"良",56,115,25,1,39,157,304
2016-07-28,88,"良",64,125,24,1.2,53,117,244
2016-07-29,84,"良",58,118,18,1.1,41,114,224
2016-07-30,77,"良",54,104,16,1.1,35,122,212
2016-07-31,69,"良",39,81,20,0.9,34,122,214
2016-08-01,64,"良",43,77,13,0.9,33,111,207
2016-08-02,72,"良",38,64,12,0.9,28,126,272
2016-08-03,70,"良",39,70,13,0.8,26,123,272
2016-08-04,78,"良",38,74,14,0.9,34,133,291
2016-08-05,69,"良",49,87,15,0.9,37,104,260
2016-08-06,86,"良",37,76,18,1,39,143,314
2016-08-07,66,"良",36,81,18,0.9,34,105,264
2016-08-08,58,"良",17,44,14,0.6,22,109,211
2016-08-09,55,"良",25,59,16,0.8,26,102,177
2016-08-10,79,"良",44,76,23,0.9,30,134,306
2016-08-11,80,"良",49,92,30,1,41,135,299
2016-08-12,82,"良",54,101,32,0.9,37,138,312
2016-08-13,66,"良",46,81,15,1.2,34,77,237
2016-08-14,48,"优",24,44,11,1,38,30,139
2016-08-15,39,"优",16,31,10,0.9,31,48,80
2016-08-16,40,"优",20,34,12,1,32,79,67
2016-08-17,54,"良",33,58,14,1.2,41,59,119
2016-08-18,95,"良",71,106,21,1.7,52,75,308
2016-08-19,62,"良",33,54,15,1.1,30,114,208
2016-08-20,52,"良",23,53,14,0.9,39,79,139
2016-08-21,65,"良",26,55,17,0.8,31,117,183
2016-08-22,62,"良",31,72,18,0.7,34,114,134
2016-08-23,87,"良",64,111,33,1.1,44,140,261
2016-08-24,102,"轻度污染",76,121,25,1.4,49,118,282
2016-08-25,37,"优",14,37,13,0.5,22,68,43
2016-08-26,57,"良",19,63,17,0.7,35,80,224
2016-08-27,53,"良",17,56,17,0.7,38,81,125
2016-08-28,60,"良",19,70,20,0.7,44,83,138
2016-08-29,66,"良",23,81,26,0.8,51,66,155
2016-08-30,88,"良",51,125,51,1.1,57,100,241
2016-08-31,83,"良",57,116,33,1,48,101,215
2016-09-01,63,"良",22,75,24,0.6,43,79,183
2016-09-02,80,"良",30,109,44,0.9,54,105,233
2016-09-03,85,"良",42,119,40,1.2,65,93,235
2016-09-04,72,"良",30,76,34,0.9,44,126,173
2016-09-05,70,"良",27,89,32,0.9,53,97,185
2016-09-06,65,"良",27,80,27,0.8,49,46,208
2016-09-07,60,"良",25,70,28,0.9,43,80,173
2016-09-08,62,"良",23,64,27,0.8,49,107,140
2016-09-09,90,"良",42,121,58,1.2,72,61,253
2016-09-10,77,"良",37,103,42,1.1,54,88,252
2016-09-11,57,"良",23,63,20,0.8,41,81,165
2016-09-12,62,"良",27,73,26,0.9,48,62,157
2016-09-13,64,"良",30,78,31,1,49,97,164
2016-09-14,78,"良",48,105,30,1.1,61,119,236
2016-09-15,95,"良",61,140,37,1.2,58,118,312
2016-09-16,102,"轻度污染",76,137,34,1.4,47,120,336
2016-09-17,99,"良",74,136,28,1.4,56,58,334
2016-09-18,48,"优",27,46,12,1.2,38,49,108
2016-09-19,50,"优",22,50,17,1,36,76,100
2016-09-20,72,"良",43,94,31,1.1,48,89,214
2016-09-21,123,"轻度污染",93,166,54,1.6,57,88,347
2016-09-22,133,"轻度污染",101,170,52,1.7,72,95,340
2016-09-23,92,"良",68,131,48,1.4,73,128,240
2016-09-24,100,"良",73,150,59,1.5,74,127,267
2016-09-25,112,"轻度污染",84,153,31,1.5,51,93,302
2016-09-26,73,"良",52,95,18,1.3,54,82,203
2016-09-27,70,"良",42,90,20,1.1,36,69,269
2016-09-28,54,"良",21,57,20,0.9,41,69,222
2016-09-29,91,"良",64,131,35,1.5,64,90,352
2016-09-30,158,"中度污染",120,195,50,2,70,143,360
2016-10-01,169,"中度污染",128,206,56,2.2,77,100,355
2016-10-02,199,"中度污染",149,268,66,2.3,85,154,359
2016-10-03,170,"中度污染",129,223,54,1.9,70,133,356
2016-10-04,114,"轻度污染",86,149,22,1.4,50,65,345
2016-10-05,81,"良",39,112,36,1.2,59,63,286
2016-10-06,97,"良",54,129,26,1.4,77,22,335
2016-10-07,59,"良",34,62,13,1.1,47,61,215
2016-10-08,67,"良",25,68,29,1,53,70,274
2016-10-09,79,"良",45,106,57,1.4,63,27,320
2016-10-10,92,"良",68,134,67,1.6,62,77,330
2016-10-11,101,"轻度污染",71,151,53,1.6,71,68,344
2016-10-12,178,"中度污染",134,240,71,2.2,84,81,362
2016-10-13,128,"轻度污染",97,178,67,2,72,79,337
2016-10-14,96,"良",69,142,61,1.6,68,76,319
2016-10-15,66,"良",42,82,18,1.2,49,35,201
2016-10-16,65,"良",40,80,27,1.6,51,55,220
2016-10-17,85,"良",41,119,38,1.4,65,56,294
2016-10-18,127,"轻度污染",96,204,44,1.8,73,89,338
2016-10-19,180,"中度污染",136,238,61,1.8,87,82,356
2016-10-20,124,"轻度污染",94,166,16,1.5,57,33,348
2016-10-21,59,"良",36,67,15,1.3,42,8,250
2016-10-22,49,"优",19,33,11,1,39,14,204
2016-10-23,50,"优",18,31,18,0.9,40,20,220
2016-10-24,76,"良",54,101,34,1.6,54,6,322
2016-10-25,142,"轻度污染",108,162,79,2.1,58,10,360
2016-10-26,135,"轻度污染",103,169,46,1.8,54,48,363
2016-10-27,69,"良",50,81,18,1.4,51,18,298
2016-10-28,49,"优",19,49,16,0.5,29,55,200
2016-10-29,96,"良",54,142,97,1.1,52,39,358
2016-10-30,114,"轻度污染",86,173,109,1.7,57,35,355
2016-10-31,63,"良",41,76,41,0.8,45,44,276
2016-11-01,149,"轻度污染",114,195,127,1.7,69,18,360
2016-11-02,214,"重度污染",164,274,155,2.5,78,30,364
2016-11-03,237,"重度污染",187,347,225,3.1,101,28,361
2016-11-04,295,"重度污染",243,416,230,3.6,114,33,360
2016-11-05,206,"重度污染",156,287,147,2.5,94,40,336
2016-11-06,148,"轻度污染",113,184,48,1.5,63,42,306
2016-11-07,95,"良",71,112,44,1.2,45,37,246
2016-11-08,87,"良",64,123,89,1.4,57,34,303
2016-11-09,199,"中度污染",149,247,210,2.4,76,17,364
2016-11-10,109,"轻度污染",82,159,88,1.5,46,70,309
2016-11-11,175,"中度污染",121,299,177,2.2,78,27,353
2016-11-12,198,"中度污染",148,321,209,2.5,84,34,355
2016-11-13,246,"重度污染",196,357,248,3.2,103,25,355
2016-11-14,126,"轻度污染",91,201,110,1.9,67,47,269
2016-11-15,169,"中度污染",128,253,157,2.2,80,32,337
2016-11-16,310,"严重污染",260,412,205,3.3,112,24,367
2016-11-17,303,"严重污染",253,386,193,3.5,118,18,364
2016-11-18,313,"严重污染",263,384,247,3.4,93,18,362
2016-11-19,108,"轻度污染",81,142,86,1.8,53,42,264
2016-11-20,178,"中度污染",134,239,148,2.4,76,25,344
2016-11-21,82,"良",60,112,46,1.5,41,36,286
2016-11-22,63,"良",27,76,57,1.1,36,44,309
2016-11-23,72,"良",44,93,87,1.2,41,47,300
2016-11-24,120,"轻度污染",91,157,198,1.9,67,36,332
2016-11-25,185,"中度污染",139,216,253,2.4,76,43,347
2016-11-26,110,"轻度污染",58,169,60,0.9,34,65,249
2016-11-27,121,"轻度污染",83,191,136,1.8,65,42,287
2016-11-28,153,"中度污染",117,208,181,2.4,80,25,340
2016-11-29,303,"严重污染",253,381,275,3.6,93,8,365
2016-11-30,190,"中度污染",143,208,123,1.8,55,55,353
2016-12-01,108,"轻度污染",81,142,137,1.8,64,35,224
2016-12-02,216,"重度污染",166,248,278,3,90,14,348
2016-12-03,391,"严重污染",341,448,383,4.3,116,12,366
2016-12-04,353,"严重污染",303,405,292,3.5,96,16,363
2016-12-05,107,"轻度污染",80,135,91,1.6,42,54,216
2016-12-06,148,"轻度污染",113,182,242,2.4,75,22,337
2016-12-07,133,"轻度污染",101,167,176,2,68,41,252
2016-12-08,127,"轻度污染",96,155,161,2,62,41,210
2016-12-09,94,"良",70,123,102,1.6,63,24,168
2016-12-10,213,"重度污染",163,249,206,3,86,13,359
2016-12-11,198,"中度污染",148,213,133,2.3,72,19,337
2016-12-12,383,"严重污染",333,378,275,3.9,91,15,367
2016-12-13,156,"中度污染",119,146,79,2.2,48,38,332
2016-12-14,216,"重度污染",166,182,145,2.7,60,24,360
2016-12-15,204,"重度污染",154,193,158,2.7,63,31,351
2016-12-16,211,"重度污染",161,228,247,2.8,79,15,345
2016-12-17,252,"重度污染",202,273,275,3.7,97,13,356
2016-12-18,246,"重度污染",196,269,247,3.6,97,16,328
2016-12-19,229,"重度污染",179,251,205,3.5,92,23,286
2016-12-20,169,"中度污染",128,174,120,2,71,24,237
2016-12-21,173,"中度污染",131,153,90,1.9,46,38,295
2016-12-22,54,"良",37,58,47,0.8,29,62,102
2016-12-23,124,"轻度污染",94,145,165,2,71,21,296
2016-12-24,147,"轻度污染",112,161,144,2,69,39,337
2016-12-25,250,"重度污染",200,246,219,2.5,77,12,366
2016-12-26,129,"轻度污染",98,118,127,1.5,39,50,345
2016-12-27,72,"良",44,82,93,0.9,37,48,234
2016-12-28,93,"良",69,116,104,1.5,52,34,258
2016-12-29,134,"轻度污染",102,153,187,1.7,64,21,298
2016-12-30,221,"重度污染",171,237,293,2.8,83,16,336
2016-12-31,348,"严重污染",298,401,356,4.1,110,16,355
2017-01-01,379,"严重污染",329,414,327,4.4,114,14,355
2017-01-02,418,"严重污染",377,468,359,5.1,120,14,365
2017-01-03,359,"严重污染",309,406,329,4.5,122,19,360
2017-01-04,182,"中度污染",137,209,193,2.6,87,23,237
2017-01-05,125,"轻度污染",95,132,80,1.7,52,62,227
2017-01-06,230,"重度污染",180,220,168,2.7,76,27,342
2017-01-07,334,"严重污染",284,341,254,3.9,85,21,367
2017-01-08,109,"轻度污染",82,110,129,1.6,53,32,259
2017-01-09,95,"良",71,107,99,1.5,57,30,238
2017-01-10,69,"良",50,87,75,1.2,53,38,180
2017-01-11,83,"良",59,96,115,1.4,48,54,220
2017-01-12,70,"良",51,89,74,1.2,45,56,191
2017-01-13,82,"良",60,111,101,1.6,60,37,215
2017-01-14,100,"良",75,125,101,1.6,68,26,286
2017-01-15,286,"重度污染",236,317,174,3.2,92,10,366
2017-01-16,319,"严重污染",269,365,279,3.8,99,16,363
2017-01-17,127,"轻度污染",96,144,140,1.8,62,49,268
2017-01-18,99,"良",74,121,138,1.6,69,28,199
2017-01-19,71,"良",46,92,53,0.9,24,65,128
2017-01-20,89,"良",47,91,127,1.3,50,43,277
2017-01-21,78,"良",57,97,98,1.3,37,65,194
2017-01-22,88,"良",57,103,125,1.6,55,45,216
2017-01-23,124,"轻度污染",94,140,186,2.2,75,30,279
2017-01-24,178,"中度污染",134,195,207,2.6,80,34,303
2017-01-25,348,"严重污染",298,373,283,3.7,99,44,348
2017-01-26,226,"重度污染",176,246,155,2.4,49,63,317
2017-01-27,83,"良",57,116,111,1.4,38,50,150
2017-01-28,254,"重度污染",204,277,230,2.5,64,43,314
2017-01-29,83,"良",50,116,50,1.1,21,53,196
2017-01-30,64,"良",36,74,77,1.1,30,48,198
2017-01-31,162,"中度污染",123,165,230,2.3,60,30,356
2017-02-01,99,"良",74,111,108,1.5,47,48,283
2017-02-02,211,"重度污染",161,213,219,2.6,71,39,359
2017-02-03,261,"重度污染",211,267,284,3.2,84,42,358
2017-02-04,236,"重度污染",186,240,242,3,76,53,338
2017-02-05,94,"良",70,107,109,1.8,61,48,196
2017-02-06,147,"轻度污染",112,151,67,1.7,49,49,325
2017-02-07,128,"轻度污染",97,134,141,1.7,58,29,352
2017-02-08,69,"良",49,88,62,1,28,60,331
2017-02-09,48,"优",23,48,47,0.7,26,52,115
2017-02-10,73,"良",42,69,96,1.2,48,44,45
2017-02-11,109,"轻度污染",82,126,175,1.9,60,47,232
2017-02-12,102,"轻度污染",76,114,140,1.8,63,49,265
2017-02-13,102,"轻度污染",76,125,118,1.9,70,53,233
2017-02-14,175,"中度污染",132,206,203,2.4,87,40,193
2017-02-15,216,"重度污染",166,237,174,2.4,74,72,312
2017-02-16,149,"轻度污染",114,179,106,1.8,59,50,288
2017-02-17,76,"良",47,102,83,1.3,53,40,111
2017-02-18,118,"轻度污染",89,173,155,2.1,66,60,251
2017-02-19,127,"轻度污染",96,193,122,2,58,63,193
2017-02-20,70,"良",23,90,29,0.9,26,54,129
2017-02-21,69,"良",47,88,49,1.1,32,52,184
2017-02-22,175,"中度污染",132,140,144,1.9,53,56,330
2017-02-23,58,"良",39,66,62,1.1,44,55,134
2017-02-24,78,"良",55,96,106,1.6,53,62,179
2017-02-25,70,"良",50,89,70,1.4,53,63,156
2017-02-26,79,"良",58,106,108,1.7,61,51,166
2017-02-27,97,"良",72,126,110,1.8,61,68,294
2017-02-28,92,"良",68,126,88,1.6,61,49,174
2017-03-01,53,"良",18,56,22,0.8,21,78,145
2017-03-02,102,"轻度污染",58,109,157,1.8,63,61,112
2017-03-03,107,"轻度污染",80,141,119,2,70,66,317
2017-03-04,105,"轻度污染",79,150,103,2.1,77,56,321
2017-03-05,58,"良",23,65,28,1,25,72,247
2017-03-06,52,"良",19,54,30,1,26,74,105
2017-03-07,47,"优",18,47,28,1.1,24,63,132
2017-03-08,53,"良",27,55,41,1.1,36,66,124
2017-03-09,74,"良",50,98,86,1.5,59,57,78
2017-03-10,91,"良",67,131,94,1.7,71,59,254
2017-03-11,94,"良",68,138,79,1.5,62,79,276
2017-03-12,59,"良",21,68,28,0.8,25,73,151
2017-03-13,71,"良",37,91,53,1.1,55,67,235
2017-03-14,88,"良",58,125,77,1.5,60,75,301
2017-03-15,84,"良",54,118,73,1.4,55,80,267
2017-03-16,115,"轻度污染",87,146,120,1.5,60,86,266
2017-03-17,153,"中度污染",117,180,120,1.8,68,83,258
2017-03-18,100,"良",75,147,55,1.5,52,111,169
2017-03-19,168,"中度污染",127,186,49,1.5,46,129,312
2017-03-20,98,"良",73,105,39,1.3,46,82,298
2017-03-21,124,"轻度污染",94,145,56,1.5,53,113,270
2017-03-22,117,"轻度污染",88,140,37,1.5,46,78,291
2017-03-23,78,"良",57,74,29,1.6,45,45,226
2017-03-24,83,"良",61,96,58,1.3,36,79,272
2017-03-25,43,"优",20,43,13,0.7,17,80,145
2017-03-26,43,"优",21,41,19,0.7,26,85,66
2017-03-27,75,"良",41,100,53,1.1,49,87,60
2017-03-28,75,"良",54,99,31,1,36,86,189
2017-03-29,90,"良",60,130,60,1.2,64,109,151
2017-03-30,81,"良",37,112,36,0.9,49,84,235
2017-03-31,59,"良",25,68,23,0.8,34,83,309
2017-04-01,74,"良",29,98,33,0.9,49,89,138
2017-04-02,90,"良",43,130,47,1.2,63,100,183
2017-04-03,97,"良",57,144,36,1.2,55,112,279
2017-04-04,65,"良",45,80,23,1.1,30,89,187
2017-04-05,79,"良",58,90,27,1.3,54,106,148
2017-04-06,88,"良",63,126,36,1.5,54,138,190
2017-04-07,129,"轻度污染",98,156,41,1.6,41,147,238
2017-04-08,66,"良",47,82,16,1.2,32,67,195
2017-04-09,39,"优",18,32,10,1,31,73,92
2017-04-10,110,"轻度污染",83,108,69,1.8,63,56,99
2017-04-11,83,"良",58,116,33,1.2,43,95,335
2017-04-12,92,"良",43,134,47,1,68,84,180
2017-04-13,92,"良",48,134,32,1.1,61,82,321
2017-04-14,102,"轻度污染",49,154,39,1.3,75,81,279
2017-04-15,99,"良",46,147,41,1.2,74,78,310
2017-04-16,97,"良",57,144,77,1.5,63,73,190
2017-04-17,145,"轻度污染",68,239,49,1.3,42,104,276
2017-04-18,74,"良",23,97,11,0.6,32,98,242
2017-04-19,109,"轻度污染",51,167,37,0.9,55,69,271
2017-04-20,126,"轻度污染",55,201,42,0.9,40,97,326
2017-04-21,68,"良",24,86,14,0.7,36,88,262
2017-04-22,86,"良",49,121,46,1.1,61,100,275
2017-04-23,112,"轻度污染",71,174,56,1.2,65,111,327
2017-04-24,82,"良",41,113,21,0.8,44,95,335
2017-04-25,82,"良",45,113,23,0.8,36,87,199
2017-04-26,70,"良",40,90,19,0.8,42,91,257
2017-04-27,78,"良",35,106,16,0.8,47,98,280
2017-04-28,103,"轻度污染",54,155,29,1,59,97,311
2017-04-29,112,"轻度污染",59,174,30,1,57,111,321
2017-04-30,118,"轻度污染",67,186,27,1.1,57,128,276
2017-05-01,124,"轻度污染",70,198,20,1.1,33,135,332
2017-05-02,112,"轻度污染",69,157,19,1.2,30,173,285
2017-05-03,70,"良",39,89,10,1,30,114,308
2017-05-04,461,"严重污染",171,561,13,0.9,36,110,266
2017-05-05,208,"重度污染",106,355,6,0.6,16,111,288
2017-05-06,84,"良",44,118,17,0.8,36,126,195
2017-05-07,84,"良",45,117,21,1,61,108,152
2017-05-08,87,"良",54,124,21,0.9,54,143,217
2017-05-09,101,"轻度污染",63,152,24,0.8,51,135,271
2017-05-10,80,"良",28,109,10,0.5,32,121,294
2017-05-11,95,"良",42,139,17,0.7,46,118,230
2017-05-12,102,"轻度污染",38,154,15,0.6,43,133,283
2017-05-13,90,"良",27,129,12,0.6,34,114,308
2017-05-14,74,"良",26,73,14,0.8,37,128,156
2017-05-15,85,"良",39,82,27,0.9,34,141,228
2017-05-16,106,"轻度污染",41,85,30,1,45,166,259
2017-05-17,124,"轻度污染",47,100,26,1,42,186,312
2017-05-18,120,"轻度污染",42,109,22,1.1,47,182,218
2017-05-19,91,"良",35,97,19,0.8,46,149,228
2017-05-20,110,"轻度污染",39,89,20,0.9,38,171,235
2017-05-21,126,"轻度污染",43,84,19,1,30,188,213
2017-05-22,64,"良",39,78,13,0.9,30,106,237
2017-05-23,70,"良",15,42,9,0.6,27,123,219
2017-05-24,83,"良",24,62,15,0.7,49,139,192
2017-05-25,84,"良",34,94,27,0.9,52,140,290
2017-05-26,153,"中度污染",41,100,27,1,50,218,286
2017-05-27,148,"轻度污染",47,115,36,1,58,212,280
2017-05-28,143,"轻度污染",58,135,33,1.1,52,207,323
2017-05-29,183,"中度污染",65,146,21,1.3,33,248,267
2017-05-30,117,"轻度污染",46,142,21,1,38,178,303
2017-05-31,114,"轻度污染",33,80,14,0.9,50,175,179
